Date,AAPL,AMZN,BRK-B,GOOGL,JNJ,META,MSFT,NVDA,TSLA,V
2024-02-21,181.4631805419922,168.58999633789062,409.25,142.0351104736328,153.7476348876953,466.74365234375,399.1327819824219,67.452880859375,194.77000427246094,274.71051025390625
2024-02-22,183.50352478027344,174.5800018310547,415.1600036621094,143.5695343017578,155.46263122558594,484.7939147949219,408.531005859375,78.5157470703125,197.41000366210938,281.64874267578125
2024-02-23,181.66221618652344,174.99000549316406,417.2200012207031,143.44003295898438,156.80941772460938,482.69970703125,407.23095703125,78.7946548461914,191.97000122070312,281.4998474121094
2024-02-26,180.30862426757812,174.72999572753906,409.1400146484375,137.07310485839844,155.79205322265625,480.41595458984375,404.4521789550781,79.06958770751953,199.39999389648438,282.0457763671875
2024-02-27,181.77169799804688,173.5399932861328,408.9100036621094,138.3783721923828,155.97616577148438,485.71136474609375,404.3926086425781,78.6786880493164,199.72999572753906,281.0730285644531
2024-02-28,180.5673828125,173.16000366210938,412.1400146484375,135.88739013671875,156.52842712402344,482.689697265625,404.6307678222656,77.64098358154297,202.0399932861328,283.5148010253906
2024-02-29,179.90052795410156,176.75999450683594,409.3999938964844,137.9598846435547,156.3637237548828,488.7829284667969,410.5059509277344,79.0895767211914,201.8800048828125,280.54693603515625
2024-03-01,178.815673828125,178.22000122070312,407.1099853515625,136.64463806152344,157.08071899414062,500.9194641113281,412.3518371582031,82.25567626953125,202.63999938964844,281.0631103515625
2024-03-04,174.27708435058594,177.5800018310547,403.3900146484375,132.86834716796875,154.87158203125,496.82073974609375,411.7762756347656,85.21284484863281,188.13999938964844,278.45257568359375
2024-03-05,169.32049560546875,174.1199951171875,400.739990234375,132.1907958984375,154.99754333496094,488.8726501464844,399.59918212890625,85.94366455078125,180.74000549316406,277.31109619140625
2024-03-06,168.32518005371094,173.50999450683594,403.9599914550781,130.9253692626953,154.3871307373047,494.7265319824219,399.04345703125,88.67901611328125,176.5399932861328,278.3533020019531
2024-03-07,168.2057647705078,176.82000732421875,402.3900146484375,133.89462280273438,153.93173217773438,510.78228759765625,406.0400695800781,92.64707946777344,178.64999389648438,276.1994323730469
2024-03-08,169.9276123046875,175.35000610351562,403.1499938964844,134.9208984375,154.56153869628906,504.5594482421875,403.14215087890625,87.5073013305664,175.33999633789062,277.9662170410156
2024-03-11,171.93814086914062,171.9600067138672,404.760009765625,137.17274475097656,156.2183837890625,482.2608642578125,401.45501708984375,85.75370788574219,177.77000427246094,278.4823303222656
2024-03-12,172.41586303710938,175.38999938964844,404.9800109863281,137.99972534179688,157.6814422607422,498.3764953613281,412.13348388671875,91.89126586914062,177.5399932861328,281.8175048828125
2024-03-13,170.3257598876953,176.55999755859375,408.1300048828125,139.28506469726562,156.09243774414062,494.20794677734375,411.9548645019531,90.86650085449219,169.47999572753906,283.0284729003906
2024-03-14,172.1869659423828,178.75,406.7300109863281,142.5831298828125,154.2611846923828,490.4782409667969,421.9981994628906,87.9231948852539,162.5,284.2890319824219
2024-03-15,171.80874633789062,174.4199981689453,408.1300048828125,140.6700439453125,153.26318359375,482.7695007324219,413.264892578125,87.81622314453125,163.57000732421875,280.9439697265625
2024-03-18,172.903564453125,174.47999572753906,408.4100036621094,147.14657592773438,151.88731384277344,495.6141052246094,414.1580505371094,88.43407440185547,173.8000030517578,282.9390869140625
2024-03-19,175.2524871826172,175.89999389648438,411.760009765625,146.49891662597656,151.35443115234375,494.8761291503906,418.21710205078125,89.37686157226562,171.32000732421875,285.22210693359375
2024-03-20,177.830322265625,178.14999389648438,416.1099853515625,148.2027587890625,150.9184112548828,504.1305847167969,422.0081481933594,90.35062408447266,175.66000366210938,287.1378173828125
2024-03-21,170.5646209716797,178.14999389648438,413.7799987792969,147.06687927246094,150.90872192382812,506.3644714355469,426.11676025390625,91.41336822509766,172.82000732421875,288.2196960449219
2024-03-22,171.47035217285156,178.8699951171875,411.6000061035156,150.22543334960938,150.40487670898438,508.179443359375,425.49151611328125,94.26669311523438,170.8300018310547,281.1623840332031
2024-03-25,170.0470733642578,179.7100067138672,409.9200134277344,149.5279541015625,150.39520263671875,501.637451171875,419.65606689453125,94.97952270507812,172.6300048828125,279.1275634765625
2024-03-26,168.91244506835938,178.3000030517578,411.57000732421875,150.1257781982422,150.9281005859375,494.527099609375,418.4552001953125,92.53910064697266,177.6699981689453,278.5220947265625
2024-03-27,172.49549865722656,179.8300018310547,416.92999267578125,150.32504272460938,153.05003356933594,492.5026550292969,418.23687744140625,90.22865295410156,179.8300018310547,276.9537658691406
2024-03-28,170.67410278320312,180.3800048828125,420.5199890136719,150.3848419189453,153.27288818359375,484.24542236328125,417.53228759765625,90.33462524414062,175.7899932861328,277.0133056640625
2024-04-01,169.23092651367188,180.97000122070312,420.20001220703125,154.9283905029297,152.87562561035156,489.99957275390625,421.3531188964844,90.34162139892578,175.22000122070312,276.21923828125
2024-04-02,168.04649353027344,180.69000244140625,418.9200134277344,154.00172424316406,152.82717895507812,496.0030212402344,418.2468566894531,89.43083953857422,166.6300048828125,276.3780822753906
2024-04-03,168.85269165039062,182.41000366210938,420.239990234375,154.3604278564453,149.46502685546875,505.3472595214844,417.26434326171875,88.94295501708984,168.3800048828125,274.90899658203125
2024-04-04,168.02662658691406,180.0,415.32000732421875,149.98629760742188,147.75973510742188,509.51580810546875,414.71380615234375,85.88467407226562,171.11000061035156,271.9709167480469
2024-04-05,168.78302001953125,185.07000732421875,418.6199951171875,151.9491729736328,147.65318298339844,525.890625,422.2959289550781,87.9871826171875,164.89999389648438,275.0876770019531
2024-04-08,167.65834045410156,185.19000244140625,415.9700012207031,154.2906951904297,146.87803649902344,517.8229370117188,421.3729553222656,87.11238861083984,172.97999572753906,275.7030944824219
2024-04-09,168.8726043701172,185.6699981689453,414.69000244140625,156.03436279296875,147.55625915527344,515.4793701171875,423.0501403808594,85.33380126953125,176.8800048828125,274.6707763671875
2024-04-10,166.99148559570312,185.9499969482422,409.1099853515625,155.57601928710938,145.53123474121094,518.4013061523438,420.05303955078125,87.0184097290039,171.75999450683594,272.4473571777344
2024-04-11,174.21737670898438,189.0500030517578,407.6099853515625,158.83421325683594,144.16506958007812,521.7221069335938,424.6876525878906,90.59456634521484,174.60000610351562,273.63848876953125
2024-04-12,175.72027587890625,186.1300048828125,403.260009765625,157.1602783203125,142.93455505371094,510.4930725097656,418.703369140625,88.1651382446289,171.0500030517578,273.91644287109375
2024-04-15,171.87840270996094,183.6199951171875,400.260009765625,154.30064392089844,143.00238037109375,498.8551940917969,410.5059509277344,85.98065185546875,161.47999572753906,269.2710876464844
2024-04-16,168.583984375,183.32000732421875,396.9200134277344,153.84230041503906,139.9599609375,498.3864440917969,411.4388122558594,87.39432525634766,157.11000061035156,269.340576171875
2024-04-17,167.21046447753906,181.27999877929688,397.739990234375,154.908447265625,140.27003479003906,492.81182861328125,408.71954345703125,84.01512145996094,155.4499969482422,270.670654296875
2024-04-18,166.2549591064453,179.22000122070312,399.8900146484375,155.4464874267578,141.2098846435547,500.42083740234375,401.2069091796875,84.65097045898438,149.92999267578125,269.36041259765625
2024-04-19,164.2245635986328,174.6300048828125,405.0799865722656,153.53343200683594,143.3124237060547,479.7478332519531,396.095947265625,76.18197631835938,147.0500030517578,267.7821960449219
2024-04-22,165.0605926513672,177.22999572753906,408.7799987792969,155.71551513671875,144.4847869873047,480.406005859375,397.9219665527344,79.49919128417969,142.0500030517578,270.3133239746094
2024-04-23,166.1156005859375,179.5399932861328,408.739990234375,157.6883544921875,144.9111328125,494.73651123046875,404.48193359375,82.40350341796875,144.67999267578125,272.0801086425781
2024-04-24,168.2256622314453,176.58999633789062,405.95001220703125,158.55523681640625,143.9131317138672,492.1436767578125,405.9606018066406,79.65814971923828,162.1300048828125,272.9833679199219
2024-04-25,169.09158325195312,173.6699981689453,404.9100036621094,155.4365234375,142.2563018798828,440.1669006347656,396.01654052734375,82.61246490478516,170.17999267578125,273.1223449707031
2024-04-26,168.5043487548828,179.6199951171875,402.1000061035156,171.32891845703125,141.59742736816406,442.0716552734375,403.2414245605469,87.71424865722656,168.2899932861328,272.4870910644531
2024-04-29,172.68460083007812,180.9600067138672,400.9599914550781,165.54986572265625,142.2563018798828,431.43096923828125,399.2022399902344,87.73623657226562,194.0500030517578,269.826904296875
2024-04-30,169.52951049804688,175.0,396.7300109863281,162.19204711914062,140.0956268310547,428.98773193359375,386.380126953125,86.38156127929688,183.27999877929688,266.620849609375
2024-05-01,168.5043487548828,179.0,398.5799865722656,163.2681427001953,146.48077392578125,437.98291015625,391.9476318359375,83.02135467529297,179.99000549316406,265.3404235839844
2024-05-02,172.21681213378906,184.72000122070312,400.6000061035156,166.01817321777344,145.25994873046875,440.466064453125,394.8256530761719,85.79669952392578,180.00999450683594,265.62823486328125
2024-05-03,182.51817321777344,186.2100067138672,400.8699951171875,166.63592529296875,144.63014221191406,450.7178039550781,403.5788269042969,88.76799774169922,181.19000244140625,266.5017395019531
2024-05-06,180.8560333251953,188.6999969482422,404.9200134277344,167.4928436279297,143.96160888671875,464.4001159667969,410.4067077636719,92.11820220947266,184.75999450683594,270.65081787109375
2024-05-07,181.5427703857422,188.75999450683594,406.1400146484375,170.63143920898438,144.0972442626953,466.9530944824219,406.238525390625,90.53257751464844,177.80999755859375,274.4127502441406
2024-05-08,181.8811798095703,188.0,406.3699951171875,168.76821899414062,144.32009887695312,471.30108642578125,407.429443359375,90.39060974121094,174.72000122070312,275.1372985839844
2024-05-09,183.7025909423828,189.5,408.82000732421875,169.3461151123047,145.192138671875,474.11334228515625,409.1959228515625,88.72601318359375,171.97000122070312,276.4773254394531
2024-05-10,182.43682861328125,187.47999572753906,412.04998779296875,168.04083251953125,145.25025939941406,474.8912048339844,411.59759521484375,89.85673522949219,168.47000122070312,278.6609802246094
2024-05-13,185.65602111816406,186.57000732421875,411.2200012207031,168.52906799316406,146.51953125,466.7237243652344,410.5852966308594,90.37762451171875,171.88999938964844,277.321044921875
2024-05-14,186.8021697998047,187.07000732421875,410.239990234375,169.7247314453125,146.67454528808594,470.5531921386719,413.40380859375,91.33439636230469,177.5500030517578,275.6832275390625
2024-05-15,189.08450317382812,185.99000549316406,412.760009765625,171.88690185546875,147.92446899414062,480.2165222167969,420.6317443847656,94.60760498046875,173.99000549316406,279.4154052734375
2024-05-16,189.2041015625,183.6300048828125,413.1199951171875,173.55084228515625,149.4844207763672,471.92938232421875,418.5538635253906,94.33667755126953,174.83999633789062,278.28173828125
2024-05-17,189.2340087890625,184.6999969482422,416.94000244140625,175.42405700683594,149.83322143554688,470.6130065917969,417.7783508300781,92.45712280273438,177.4600067138672,278.540283203125
2024-05-20,190.40008544921875,183.5399932861328,413.0,176.28097534179688,147.7527618408203,467.5514221191406,422.8786315917969,94.75758361816406,174.9499969482422,276.989013671875
2024-05-21,191.70570373535156,183.14999389648438,414.3699951171875,177.20761108398438,147.72344970703125,463.3529968261719,426.5572814941406,95.36344146728516,186.60000610351562,274.4134521484375
2024-05-22,190.26055908203125,183.1300048828125,413.989990234375,175.74290466308594,149.930908203125,466.4943542480469,428.0286865234375,94.92753601074219,180.11000061035156,274.04547119140625
2024-05-23,186.25401306152344,181.0500030517578,405.8800048828125,172.92315673828125,146.21925354003906,464.4998474121094,424.5290832519531,103.77445220947266,173.74000549316406,272.7030029296875
2024-05-24,189.3436279296875,180.75,407.4100036621094,174.3579559326172,143.552734375,476.9056701660156,427.6707763671875,106.44380950927734,179.24000549316406,272.9615478515625
2024-05-28,189.35360717773438,182.14999389648438,403.8999938964844,175.76284790039062,141.02294921875,478.60101318359375,427.8298645019531,113.87405395507812,176.75,269.4710998535156
2024-05-29,189.652587890625,182.02000427246094,404.0899963378906,175.26463317871094,141.08155822753906,473.0562438964844,426.6864929199219,114.79783630371094,176.19000244140625,267.36285400390625
2024-05-30,190.6492462158203,179.32000732421875,408.6099853515625,171.48834228515625,141.9020233154297,465.7663269042969,412.2704162597656,110.47386169433594,178.7899932861328,269.7892761230469
2024-05-31,191.6060333251953,176.44000244140625,414.3999938964844,171.87692260742188,143.2597198486328,465.5469665527344,412.7277526855469,109.60707092285156,178.0800018310547,270.9428405761719
2024-06-03,193.3800506591797,178.33999633789062,414.7900085449219,172.5445098876953,144.30482482910156,476.1776428222656,411.1270751953125,114.97279357910156,176.2899932861328,268.87445068359375
2024-06-04,193.69898986816406,179.33999633789062,409.5299987792969,173.1622772216797,144.36343383789062,475.67901611328125,413.6623229980469,116.40945434570312,174.77000427246094,270.903076171875
2024-06-05,195.21389770507812,181.27999877929688,409.8500061035156,174.7764129638672,142.57598876953125,493.6993713378906,421.5563659667969,122.4110336303711,175.0,272.97149658203125
2024-06-06,193.82855224609375,185.0,411.0799865722656,176.09164428710938,143.01551818847656,492.4029541015625,422.0633850097656,120.9693832397461,177.94000244140625,275.49737548828125
2024-06-07,196.23048400878906,184.3000030517578,413.7200012207031,173.82984924316406,143.66018676757812,491.6051330566406,421.3973083496094,120.85940551757812,177.47999572753906,277.1182556152344
2024-06-10,192.4730987548828,187.05999755859375,410.80999755859375,174.57798767089844,143.70901489257812,501.2186584472656,425.39404296875,121.76119232177734,173.7899932861328,273.50848388671875
2024-06-11,206.45611572265625,187.22999572753906,408.5,176.18402099609375,143.3476104736328,506.07525634765625,430.1761779785156,120.8913345336914,170.66000366210938,273.14056396484375
2024-06-12,212.35630798339844,186.88999938964844,408.7699890136719,177.35113525390625,142.0290069580078,507.4414978027344,438.5076904296875,125.18065643310547,177.2899932861328,268.8147888183594
2024-06-13,213.52236938476562,183.8300018310547,405.9200134277344,174.72763061523438,142.06808471679688,502.71453857421875,439.0246887207031,129.58999633789062,182.47000122070312,269.679931640625
2024-06-14,211.77822875976562,183.66000366210938,405.5400085449219,176.35360717773438,142.15597534179688,503.2735595703125,440.00897216796875,131.85963439941406,178.00999450683594,269.1528625488281
2024-06-17,215.94422912597656,184.05999755859375,407.32000732421875,176.80250549316406,142.5564422607422,505.7392272949219,445.775390625,130.95977783203125,187.44000244140625,269.6600646972656
2024-06-18,213.5721893310547,182.80999755859375,407.95001220703125,174.6577911376953,142.26341247558594,498.61175537109375,443.75714111328125,135.55906677246094,184.86000061035156,272.09637451171875
2024-06-20,208.97764587402344,186.10000610351562,409.1499938964844,175.86480712890625,144.34388732910156,500.8179016113281,443.120849609375,130.75979614257812,181.57000732421875,275.278564453125
2024-06-21,206.79498291015625,189.0800018310547,409.6199951171875,179.1865997314453,145.2913360595703,493.9100341796875,447.17724609375,126.55045318603516,183.00999450683594,273.6875
2024-06-24,207.4427947998047,185.57000732421875,413.9800109863281,178.77760314941406,145.65272521972656,498.03277587890625,445.0794677734375,118.09175872802734,182.5800018310547,274.7614440917969
2024-06-25,208.36968994140625,186.33999633789062,410.9700012207031,183.5757293701172,143.76760864257812,509.7022399902344,448.3404541015625,126.07052612304688,187.35000610351562,272.0068664550781
2024-06-26,212.5356903076172,193.61000061035156,410.260009765625,183.42611694335938,143.40621948242188,512.2178344726562,449.54345703125,126.38047790527344,196.3699951171875,272.0765075683594
2024-06-27,213.3828582763672,197.85000610351562,407.95001220703125,184.95233154296875,142.40992736816406,518.646484375,450.2294921875,123.9708480834961,197.4199981689453,265.1055603027344
2024-06-28,209.9144744873047,193.25,406.79998779296875,181.7003631591797,142.76158142089844,503.33343505859375,444.3636169433594,123.52091979980469,197.8800048828125,261.00848388671875
2024-07-01,216.02395629882812,197.1999969482422,405.19000244140625,182.53829956054688,143.03506469726562,503.7926330566406,454.0870361328125,124.28080749511719,209.86000061035156,261.774169921875
2024-07-02,219.53216552734375,200.0,407.1000061035156,184.7827606201172,142.63458251953125,508.6041564941406,456.62225341796875,122.65105438232422,231.25999450683594,266.7364196777344
2024-07-03,220.80789184570312,197.58999633789062,405.7699890136719,185.36131286621094,142.30250549316406,509.0633544921875,458.1036376953125,128.26019287109375,246.38999938964844,267.4921569824219
2024-07-05,225.5818328857422,200.0,411.1700134277344,190.12953186035156,143.07412719726562,538.9606323242188,464.8543395996094,125.8105697631836,251.52000427246094,268.8545227050781
2024-07-08,227.056884765625,199.2899932861328,409.0799865722656,188.56338500976562,142.0973663330078,528.3893432617188,463.5419921875,128.18019104003906,252.94000244140625,264.91656494140625
2024-07-09,227.9139862060547,199.33999633789062,410.5199890136719,188.5135040283203,143.63087463378906,529.068115234375,456.8807678222656,131.35972595214844,262.3299865722656,263.9619445800781
2024-07-10,232.1995849609375,199.7899932861328,413.7900085449219,190.70806884765625,145.95553588867188,533.7498779296875,463.55194091796875,134.88917541503906,263.260009765625,261.5355529785156
2024-07-11,226.80772399902344,195.0500030517578,418.7799987792969,185.1119384765625,146.21925354003906,511.79852294921875,452.0687561035156,127.38032531738281,241.02999877929688,261.0880126953125
2024-07-12,229.76776123046875,194.49000549316406,424.44000244140625,184.61317443847656,146.3950653076172,497.9928283691406,450.9254150390625,129.2200469970703,248.22999572753906,264.2602233886719
2024-07-15,233.61483764648438,192.72000122070312,434.4200134277344,186.06956481933594,145.76995849609375,495.2876281738281,451.33306884765625,128.420166015625,252.63999938964844,266.9552001953125
2024-07-16,234.033447265625,193.02000427246094,438.8999938964844,183.46600341796875,147.49879455566406,488.9288330078125,446.9187316894531,126.34048461914062,256.55999755859375,267.750732421875
2024-07-17,228.1133270263672,187.92999267578125,445.6099853515625,180.5731658935547,152.9392852783203,461.17767333984375,440.9534606933594,117.97177124023438,248.5,271.1815490722656
2024-07-18,223.42906188964844,183.75,441.82000732421875,177.2513885498047,151.80625915527344,475.0133361816406,437.82171630859375,121.07129669189453,249.22999572753906,267.6512451171875
2024-07-19,223.55862426757812,183.1300048828125,434.4700012207031,177.22145080566406,151.09323120117188,475.9516906738281,434.5805358886719,117.91178894042969,239.1999969482422,263.9818420410156
2024-07-22,223.20980834960938,182.5500030517578,435.9800109863281,181.22154235839844,150.65370178222656,486.5429992675781,440.3768310546875,123.52091979980469,251.50999450683594,266.2192687988281
2024-07-23,224.25628662109375,186.41000366210938,434.010009765625,181.34124755859375,148.80763244628906,487.83074951171875,442.2757873535156,122.5710678100586,246.3800048828125,263.3155517578125
2024-07-24,217.80795288085938,180.8300018310547,432.79998779296875,172.20388793945312,152.64625549316406,460.45892333984375,426.4180603027344,114.23235321044922,215.99000549316406,252.7546844482422
2024-07-25,216.76148986816406,179.85000610351562,433.2900085449219,166.86708068847656,155.9281463623047,452.61279296875,415.9788513183594,112.26265716552734,220.25,252.3271026611328
2024-07-26,217.2299041748047,182.5,437.6600036621094,166.5877685546875,156.90487670898438,464.8811950683594,422.8090515136719,113.04254150390625,219.8000030517578,258.0152282714844
2024-07-29,217.50897216796875,183.1999969482422,438.30999755859375,169.1115264892578,154.8732452392578,464.8911437988281,424.2606506347656,111.57276153564453,232.10000610351562,260.143310546875
2024-07-30,218.0670928955078,181.7100067138672,441.260009765625,169.86964416503906,157.57884216308594,462.3755798339844,420.47265625,103.71398162841797,222.6199951171875,261.6349792480469
2024-07-31,221.3361053466797,186.97999572753906,438.5,171.11654663085938,154.1797637939453,473.9951171875,415.92913818359375,117.00192260742188,232.07000732421875,264.190673828125
2024-08-01,217.62857055664062,184.07000732421875,431.80999755859375,170.33848571777344,157.02207946777344,496.86480712890625,414.6962585449219,109.1931381225586,216.86000061035156,264.44921875
2024-08-02,219.12353515625,167.89999389648438,428.3599853515625,166.24862670898438,160.32350158691406,487.2817077636719,406.12615966796875,107.25342559814453,207.6699981689453,265.0955505371094
2024-08-05,208.5690155029297,161.02000427246094,413.7200012207031,158.85690307617188,157.50070190429688,474.8935546875,392.8633728027344,100.43448638916016,198.8800048828125,255.01205444335938
2024-08-06,206.5358428955078,161.92999267578125,422.1400146484375,157.89927673339844,155.27371215820312,493.2212219238281,397.29754638671875,104.23389434814453,200.63999938964844,256.8218994140625
2024-08-07,209.1171875,162.77000427246094,427.0199890136719,158.54766845703125,155.20535278320312,488.06036376953125,396.1243591308594,98.89472961425781,191.75999450683594,255.09161376953125
2024-08-08,212.59547424316406,165.8000030517578,431.5400085449219,161.63003540039062,156.49464416503906,508.7339172363281,400.3597412109375,104.95378875732422,198.83999633789062,258.3831481933594
2024-08-09,215.51568603515625,166.94000244140625,431.6700134277344,163.2659912109375,156.88534545898438,516.859619140625,403.67047119140625,104.73382568359375,200.0,258.8315734863281
2024-08-12,217.0522918701172,166.8000030517578,430.3900146484375,161.88938903808594,156.16256713867188,515.0427856445312,404.4559020996094,109.00315856933594,197.49000549316406,258.96112060546875
2024-08-13,220.78407287597656,170.22999572753906,432.4100036621094,163.75477600097656,154.7071990966797,527.6106567382812,411.6142578125,116.12206268310547,207.8300018310547,259.2002258300781
2024-08-14,221.23309326171875,170.10000610351562,438.4700012207031,159.97412109375,154.79510498046875,525.8338623046875,414.4477233886719,118.061767578125,201.3800048828125,260.2066345214844
2024-08-15,224.22650146484375,177.58999633789062,440.8399963378906,160.90185546875,155.3909149169922,536.3851928710938,419.34808349609375,122.84102630615234,214.13999938964844,265.84637451171875
2024-08-16,225.5535888671875,177.05999755859375,444.510009765625,162.55775451660156,155.6839599609375,526.4926147460938,416.7983093261719,124.56076049804688,216.1199951171875,266.42431640625
2024-08-19,225.39393615722656,178.22000122070312,448.7699890136719,166.2585906982422,155.9183807373047,528.349365234375,419.8460693359375,129.97991943359375,222.72000122070312,265.517578125
2024-08-20,226.0125732421875,178.8800048828125,448.3599853515625,166.76731872558594,156.43605041503906,525.8038330078125,423.10302734375,127.23035430908203,221.10000610351562,267.08197021484375
2024-08-21,225.90280151367188,180.11000061035156,446.6000061035156,165.44061279296875,157.67649841308594,534.218994140625,422.4456787109375,128.48016357421875,223.27000427246094,267.24139404296875
2024-08-22,224.03692626953125,176.1300048828125,449.0299987792969,163.3956756591797,158.5751190185547,530.9947509765625,413.88995361328125,123.72088623046875,210.66000366210938,266.9823303222656
2024-08-23,226.3418426513672,177.0399932861328,453.3800048828125,165.211181640625,160.31373596191406,527.0715942382812,415.1250305175781,129.3500213623047,220.32000732421875,266.484130859375
2024-08-26,226.68109130859375,175.5,454.489990234375,165.74984741210938,160.78257751464844,520.2037353515625,411.8382263183594,126.44046783447266,213.2100067138672,267.2513427734375
2024-08-27,227.5292205810547,173.1199951171875,460.6300048828125,164.2734832763672,160.36923217773438,518.187255859375,412.18682861328125,128.2801971435547,209.2100067138672,269.7524108886719
2024-08-28,225.99261474609375,170.8000030517578,464.5899963378906,162.44801330566406,161.32386779785156,515.871337890625,408.9597473144531,125.59060668945312,205.75,268.2278747558594
2024-08-29,229.28536987304688,172.1199951171875,468.3699951171875,161.3806610107422,161.6289520263672,517.3087768554688,411.4696960449219,117.57183837890625,206.27999877929688,273.33953857421875
2024-08-30,228.49710083007812,178.5,475.9200134277344,162.97671508789062,163.23313903808594,520.3934326171875,415.4736328125,119.35157012939453,214.11000061035156,275.3821716308594
2024-09-03,222.28077697753906,176.25,476.8299865722656,156.9715576171875,164.51255798339844,510.86016845703125,407.80438232421875,107.98332214355469,210.60000610351562,277.54443359375
2024-09-04,220.36500549316406,173.3300018310547,478.57000732421875,156.06381225585938,164.70938110351562,511.8384094238281,407.26654052734375,106.19359588623047,219.41000366210938,279.4874572753906
2024-09-05,221.89163208007812,177.88999938964844,464.9200134277344,156.85186767578125,162.37692260742188,515.951171875,406.75860595703125,107.19344329833984,230.1699981689453,277.6241149902344
2024-09-06,220.3350830078125,171.38999938964844,459.4200134277344,150.54745483398438,161.77658081054688,499.3903503417969,400.0953369140625,102.81411743164062,210.72999572753906,278.3714599609375
2024-09-09,220.42486572265625,175.39999389648438,459.6099853515625,148.53976440429688,163.9712677001953,503.9024353027344,404.0992431640625,106.45355224609375,216.27000427246094,284.5891418457031
2024-09-10,219.6266326904297,179.5500030517578,458.9200134277344,148.4898223876953,164.7290802001953,503.9024353027344,412.5453796386719,108.08330535888672,226.1699981689453,284.32012939453125
2024-09-11,222.1710205078125,184.52000427246094,453.1000061035156,150.98695373535156,162.20960998535156,510.9300231933594,421.3500671386719,116.8919448852539,228.1300048828125,282.9450378417969
2024-09-12,222.28077697753906,187.0,450.8699951171875,154.51292419433594,162.03245544433594,524.6758422851562,425.29425048828125,119.13179016113281,229.80999755859375,284.35003662109375
2024-09-13,222.01138305664062,186.49000549316406,447.6099853515625,157.27975463867188,162.89852905273438,523.6975708007812,428.869873046875,119.09178924560547,230.2899932861328,286.3229675292969
2024-09-16,215.84495544433594,184.88999938964844,451.7799987792969,157.87905883789062,164.34524536132812,532.8502197265625,429.61688232421875,116.7719497680664,226.77999877929688,289.4417724609375
2024-09-17,216.31390380859375,186.8800048828125,456.67999267578125,159.1376190185547,164.4239959716797,535.8877563476562,433.41168212890625,115.58203125,227.8699951171875,290.5179138183594
2024-09-18,220.20535278320312,186.42999267578125,456.6000061035156,159.62705993652344,163.5185546875,537.5164184570312,429.0890197753906,113.36219024658203,227.1999969482422,287.44891357421875
2024-09-19,228.3673858642578,189.8699951171875,459.7099914550781,161.9543914794922,162.20960998535156,558.6493530273438,436.9375305175781,117.86187744140625,243.9199981689453,284.2204895019531
2024-09-20,227.6988525390625,191.60000610351562,455.30999755859375,163.40272521972656,161.56007385253906,560.8975219726562,433.53118896484375,115.99200439453125,238.25,283.7521667480469
2024-09-23,225.97265625,193.8800048828125,454.9800109863281,161.6647186279297,160.63494873046875,563.955078125,431.77825927734375,116.25199127197266,250.0,287.598388671875
2024-09-24,226.8706817626953,193.9600067138672,454.55999755859375,162.1042022705078,160.20191955566406,562.8759765625,427.45556640625,120.8616714477539,254.27000427246094,271.8050231933594
2024-09-25,225.8728790283203,192.52999877929688,452.3599853515625,161.3051300048828,158.05645751953125,567.8519287109375,430.3838195800781,123.50149536132812,257.0199890136719,268.666259765625
2024-09-26,227.02035522460938,191.16000366210938,454.17999267578125,162.543701171875,158.8339385986328,567.3823852539062,429.5870056152344,124.03145599365234,254.22000122070312,270.7189025878906
2024-09-27,227.2897491455078,187.97000122070312,457.4700012207031,163.76231384277344,158.84376525878906,566.9027099609375,426.3101501464844,121.39163970947266,260.4599914550781,274.1864929199219
2024-09-30,232.4883270263672,186.3300018310547,460.260009765625,165.66014099121094,159.49331665039062,571.9786376953125,428.5810241699219,121.43163299560547,261.6300048828125,273.96728515625
2024-10-01,225.71324157714844,185.1300048828125,457.4100036621094,166.79884338378906,159.4244384765625,576.00537109375,419.0094299316406,116.99193572998047,258.0199890136719,276.6078186035156
2024-10-02,226.281982421875,184.75999450683594,456.6700134277344,165.67013549804688,158.61741638183594,572.3483276367188,415.46368408203125,118.84181213378906,249.02000427246094,276.0099182128906
2024-10-03,225.17440795898438,181.9600067138672,452.9599914550781,165.67013549804688,157.95803833007812,582.30029296875,414.87603759765625,122.84153747558594,240.66000366210938,275.87042236328125
2024-10-04,226.30194091796875,186.50999450683594,461.9700012207031,166.86875915527344,157.7513427734375,595.459716796875,414.39794921875,124.91139221191406,250.0800018310547,276.93658447265625
2024-10-07,221.20315551757812,180.8000030517578,453.5,162.79342651367188,157.00338745117188,584.3087158203125,407.9040222167969,127.7112045288086,240.8300018310547,272.8114318847656
2024-10-08,225.27420043945312,182.72000122070312,453.79998779296875,164.19183349609375,157.16085815429688,592.4121704101562,413.0533447265625,132.88084411621094,244.5,273.97723388671875
2024-10-09,229.03591918945312,185.1699981689453,455.8999938964844,161.67471313476562,158.10565185546875,590.0340576171875,415.7923278808594,132.64085388183594,241.0500030517578,275.940185546875
2024-10-10,228.53701782226562,186.64999389648438,454.92999267578125,161.8944549560547,157.96786499023438,583.3594360351562,414.1788024902344,134.8007049560547,238.77000427246094,276.478271484375
2024-10-11,227.05029296875,188.82000732421875,460.2099914550781,163.05313110351562,158.90283203125,589.4745483398438,414.65692138671875,134.79071044921875,217.8000030517578,276.846923828125
2024-10-14,230.79205322265625,187.5399932861328,459.9800109863281,164.7711639404297,159.04061889648438,589.944091796875,417.46563720703125,138.0605010986328,219.16000366210938,279.6767578125
2024-10-15,233.33645629882812,187.69000244140625,462.67999267578125,165.27059936523438,161.5010223388672,585.7974853515625,417.0672302246094,131.5909423828125,219.57000732421875,278.2917785644531
2024-10-16,231.27099609375,186.88999938964844,465.69000244140625,164.97093200683594,161.67816162109375,576.3250732421875,414.45770263671875,135.7106475830078,221.3300018310547,286.4923400878906
2024-10-17,231.6401824951172,187.52999877929688,465.8500061035156,162.74346923828125,161.8651580810547,576.4650268554688,415.0553283691406,136.92056274414062,220.88999938964844,289.35211181640625
2024-10-18,234.48391723632812,188.99000549316406,464.79998779296875,163.23292541503906,162.50485229492188,576.00537109375,416.4895324707031,137.99049377441406,220.6999969482422,289.58123779296875
2024-10-21,235.96067810058594,189.07000732421875,464.1600036621094,163.88218688964844,160.25112915039062,574.6964111328125,417.1070861816406,143.70010375976562,218.85000610351562,285.8247375488281
2024-10-22,235.342041015625,189.6999969482422,461.45001220703125,164.95095825195312,160.86131286621094,581.5409545898438,425.8022155761719,143.58010864257812,217.97000122070312,283.7721252441406
2024-10-23,230.25323486328125,184.7100067138672,460.6099853515625,162.59365844726562,163.23313903808594,563.2356567382812,422.9038391113281,139.55038452148438,213.64999389648438,282.74578857421875
2024-10-24,230.0636749267578,186.3800048828125,457.7699890136719,162.53372192382812,161.07781982421875,567.3223876953125,423.0332946777344,140.40032958984375,260.4800109863281,282.20770263671875
2024-10-25,230.9018096923828,187.8300018310547,454.010009765625,165.080810546875,158.33201599121094,572.7879638671875,426.43963623046875,141.53024291992188,269.19000244140625,280.7230529785156
2024-10-28,232.88743591308594,188.38999938964844,458.489990234375,166.52914428710938,159.04061889648438,577.6939697265625,424.8858947753906,140.51031494140625,262.510009765625,283.1742248535156
2024-10-29,233.15684509277344,190.8300018310547,454.6199951171875,169.48574829101562,157.5545196533203,592.8018798828125,430.2244873046875,141.24026489257812,259.5199890136719,280.87249755859375
2024-10-30,229.5946807861328,192.72999572753906,454.9599914550781,174.26028442382812,158.06629943847656,591.322998046875,430.8021545410156,139.3303985595703,257.54998779296875,289.1228942871094
2024-10-31,225.4138946533203,186.39999389648438,450.9200134277344,170.91412353515625,157.3281707763672,567.12255859375,404.72674560546875,132.7508544921875,249.85000610351562,288.81402587890625
2024-11-01,222.42047119140625,197.92999267578125,452.1400146484375,171.09390258789062,157.59390258789062,566.702880859375,408.73065185546875,135.3906707763672,248.97999572753906,289.7008361816406
2024-11-04,221.52244567871094,195.77999877929688,442.2900085449219,169.0462646484375,155.73382568359375,560.2280883789062,406.8282775878906,136.04063415527344,242.83999633789062,290.806884765625
2024-11-05,222.95928955078125,199.5,445.05999755859375,169.5457000732422,155.8420867919922,571.9686279296875,409.8163146972656,139.90036010742188,251.44000244140625,292.2417297363281
2024-11-06,222.23089599609375,207.08999633789062,468.8999938964844,176.3079376220703,155.37953186035156,571.5889282226562,418.50146484375,145.59996032714844,288.5299987792969,306.30126953125
2024-11-07,226.98043823242188,210.0500030517578,460.1300048828125,180.5430908203125,154.24774169921875,591.22314453125,423.73052978515625,148.8697509765625,296.9100036621094,304.70697021484375
2024-11-08,226.7107391357422,208.17999267578125,463.4100036621094,178.14584350585938,153.0076904296875,588.8650512695312,420.85205078125,147.6198272705078,321.2200012207031,306.76959228515625
2024-11-11,223.98373413085938,206.83999633789062,467.3599853515625,180.1435546875,152.58448791503906,582.699951171875,416.34014892578125,145.24998474121094,350.0,309.8087158203125
2024-11-12,223.98373413085938,208.91000366210938,466.2900085449219,181.41207885742188,150.22251892089844,584.3486328125,421.340087890625,148.27976989746094,328.489990234375,309.3294982910156
2024-11-13,224.8727569580078,214.10000610351562,468.1000061035156,178.67523193359375,150.81301879882812,579.5325317382812,423.50146484375,146.25991821289062,330.239990234375,308.96014404296875
2024-11-14,227.9693603515625,211.47999572753906,467.70001220703125,175.37899780273438,149.46470642089844,576.69482421875,425.1846923828125,146.7498779296875,311.17999267578125,307.732177734375
2024-11-15,224.7528839111328,202.61000061035156,470.2799987792969,172.29254150390625,151.56097412109375,553.6334228515625,413.3421936035156,141.97021484375,320.7200012207031,309.119873046875
2024-11-18,227.7695770263672,201.6999969482422,472.20001220703125,175.0993194580078,152.31878662109375,553.9531860351562,414.0991516113281,140.1403350830078,338.739990234375,311.6356201171875
2024-11-19,228.02928161621094,204.61000061035156,468.8599853515625,177.9160919189453,150.57681274414062,560.6378173828125,416.1210632324219,146.99986267089844,346.0,311.3261413574219
2024-11-20,228.7484893798828,202.8800048828125,468.8299865722656,175.77853393554688,150.68507385253906,565.064208984375,413.8302001953125,145.87994384765625,342.0299987792969,306.8736572265625
2024-11-21,228.26902770996094,198.3800048828125,472.05999755859375,167.4381103515625,153.03721618652344,562.6361694335938,412.0437927246094,146.65989685058594,339.6400146484375,309.3794250488281
2024-11-22,229.61753845214844,197.1199951171875,476.57000732421875,164.57138061523438,152.71243286132812,558.6893920898438,416.16552734375,141.94021606445312,352.55999755859375,309.3993835449219
2024-11-25,232.61424255371094,201.4499969482422,477.42999267578125,167.45806884765625,153.31277465820312,564.654541015625,417.95196533203125,136.01063537597656,338.5899963378906,312.66387939453125
2024-11-26,234.8018341064453,207.86000061035156,478.55999755859375,168.9263916015625,153.29295349121094,573.0776977539062,427.133544921875,136.9105682373047,338.2300109863281,311.29620361328125
2024-11-27,234.67198181152344,205.74000549316406,483.0799865722656,169.03627014160156,154.16595458984375,568.7412719726562,422.1435546875,135.33067321777344,332.8900146484375,314.1713562011719
2024-11-29,237.06935119628906,207.88999938964844,483.0199890136719,168.756591796875,153.779052734375,573.8571166992188,422.61260986328125,138.240478515625,345.1600036621094,314.5506896972656
2024-12-02,239.3268585205078,210.7100067138672,477.3299865722656,171.29368591308594,153.5707244873047,592.3522338867188,430.1175842285156,138.62045288085938,357.0899963378906,316.1180725097656
2024-12-03,242.3834991455078,213.44000244140625,470.19000244140625,171.1438446044922,151.1501007080078,613.1554565429688,430.3371276855469,140.25033569335938,351.4200134277344,312.48419189453125
2024-12-04,242.74310302734375,218.16000366210938,468.32000732421875,174.17037963867188,149.27511596679688,613.2853393554688,436.544677734375,145.1300048828125,357.92999267578125,309.3794250488281
2024-12-05,242.7730712890625,220.5500030517578,470.57000732421875,172.44236755371094,148.33265686035156,608.439208984375,441.7342529296875,145.05999755859375,369.489990234375,308.560791015625
2024-12-06,242.5732879638672,227.02999877929688,470.5,174.510009765625,148.1243133544922,623.2672729492188,442.682373046875,142.44000244140625,389.2200012207031,310.487548828125
2024-12-09,246.47900390625,226.08999633789062,463.8699951171875,175.3699951171875,148.41201782226562,613.0755004882812,445.12744140625,138.80999755859375,389.7900085449219,307.7821044921875
2024-12-10,247.4978790283203,225.0399932861328,462.489990234375,185.1699981689453,148.04495239257812,618.8208618164062,442.4428405761719,135.07000732421875,400.989990234375,311.8552551269531
2024-12-11,246.2192840576172,230.25999450683594,461.3900146484375,195.39999389648438,145.47552490234375,632.1700439453125,448.0915222167969,139.30999755859375,424.7699890136719,313.26287841796875
2024-12-12,247.68768310546875,228.97000122070312,458.6300048828125,191.9600067138672,145.07870483398438,630.2815551757812,448.6603698730469,137.33999633789062,418.1000061035156,313.7021484375
2024-12-13,247.85748291015625,227.4600067138672,457.8999938964844,189.82000732421875,145.45567321777344,619.8499755859375,446.37493896484375,134.25,436.2300109863281,314.2112731933594
2024-12-16,250.7642822265625,232.92999267578125,455.20001220703125,196.66000366210938,142.7076873779297,624.239990234375,450.6863098144531,132.0,463.0199890136719,315.359375
2024-12-17,253.20159912109375,231.14999389648438,455.6600036621094,195.4199981689453,145.24734497070312,619.4400024414062,453.5505676269531,130.38999938964844,479.8599853515625,317.7652893066406
2024-12-18,247.77757263183594,220.52000427246094,446.5899963378906,188.39999389648438,143.60052490234375,597.1900024414062,436.5147399902344,128.91000366210938,440.1300048828125,309.2596130371094
2024-12-19,249.51565551757812,223.2899932861328,449.3399963378906,188.50999450683594,142.4398193359375,595.5700073242188,436.15545654296875,130.67999267578125,436.1700134277344,314.3510437011719
2024-12-20,254.21051025390625,224.9199981689453,453.20001220703125,191.41000366210938,143.32275390625,585.25,435.726318359375,134.6999969482422,421.05999755859375,317.1763000488281
2024-12-23,254.98965454101562,225.05999755859375,454.3500061035156,194.6300048828125,144.1164093017578,599.8499755859375,434.3790283203125,139.6699981689453,430.6000061035156,316.6871337890625
2024-12-24,257.91644287109375,229.0500030517578,458.6600036621094,196.11000061035156,144.69180297851562,607.75,438.4508361816406,140.22000122070312,462.2799987792969,320.1113586425781
2024-12-26,258.7355041503906,227.0500030517578,459.0799865722656,195.60000610351562,144.42393493652344,603.3499755859375,437.2332763671875,139.92999267578125,454.1300048828125,320.3709411621094
2024-12-27,255.30929565429688,223.75,456.510009765625,192.75999450683594,143.8981475830078,599.8099975585938,429.66845703125,137.00999450683594,431.6600036621094,318.12469482421875
2024-12-30,251.9230194091797,221.3000030517578,452.1600036621094,191.24000549316406,142.20172119140625,591.239990234375,423.9798583984375,137.49000549316406,417.4100036621094,314.78033447265625
2024-12-31,250.1449737548828,219.38999938964844,453.2799987792969,189.3000030517578,143.4715576171875,585.510009765625,420.6565246582031,134.2899932861328,403.8399963378906,315.5091247558594
2025-01-02,243.5821990966797,220.22000122070312,451.1000061035156,189.42999267578125,142.87632751464844,599.239990234375,417.74237060546875,138.30999755859375,379.2799987792969,313.8718566894531
2025-01-03,243.0927276611328,224.19000244140625,453.55999755859375,191.7899932861328,143.04498291015625,604.6300048828125,422.5028381347656,144.47000122070312,410.44000244140625,314.3810119628906
2025-01-06,244.73092651367188,227.61000061035156,451.4100036621094,196.8699951171875,142.51919555664062,630.2000122070312,426.99383544921875,149.42999267578125,411.04998779296875,312.51416015625
2025-01-07,241.94400024414062,222.11000061035156,452.9200134277344,195.49000549316406,145.0687713623047,617.8900146484375,421.5247802734375,140.13999938964844,394.3599853515625,311.1464538574219
2025-01-08,242.43344116210938,222.1300048828125,451.8399963378906,193.9499969482422,141.14022827148438,610.719970703125,423.7104187011719,140.11000061035156,394.94000244140625,312.07489013671875
2025-01-10,236.58987426757812,218.94000244140625,442.6600036621094,192.0399932861328,140.931884765625,615.8599853515625,418.11163330078125,135.91000366210938,394.739990234375,307.1930847167969
2025-01-13,234.14256286621094,218.4600067138672,443.9100036621094,191.00999450683594,143.32275390625,608.3300170898438,416.35516357421875,133.22999572753906,403.30999755859375,306.4044494628906
2025-01-14,233.02378845214844,217.75999450683594,450.0299987792969,189.66000366210938,143.60052490234375,594.25,414.8382263183594,131.75999450683594,396.3599853515625,308.5707702636719
2025-01-15,237.60874938964844,223.35000610351562,458.510009765625,195.5500030517578,143.81878662109375,617.1199951171875,425.4569091796875,136.24000549316406,428.2200012207031,315.7486877441406
2025-01-16,228.00930786132812,220.66000366210938,462.80999755859375,192.91000366210938,146.5965576171875,611.2999877929688,423.7303466796875,133.57000732421875,413.82000732421875,316.7170715332031
2025-01-17,229.7274169921875,225.94000244140625,467.95001220703125,196.0,145.8624267578125,612.77001953125,428.1714782714844,137.7100067138672,426.5,319.0830993652344
2025-01-21,222.39547729492188,230.7100067138672,468.57000732421875,198.0500030517578,146.97352600097656,616.4600219726562,427.64251708984375,140.8300018310547,424.07000732421875,323.08636474609375
2025-01-22,223.58416748046875,235.00999450683594,460.510009765625,198.3699951171875,144.1164093017578,623.5,445.30712890625,147.07000732421875,415.1099853515625,323.0164794921875
2025-01-23,223.41436767578125,235.4199981689453,459.8299865722656,197.97999572753906,145.47552490234375,636.4500122070312,445.8160705566406,147.22000122070312,412.3800048828125,327.6586608886719
2025-01-24,222.5353240966797,234.85000610351562,463.19000244140625,200.2100067138672,145.6540985107422,647.489990234375,443.17138671875,142.6199951171875,406.5799865722656,329.64532470703125
2025-01-27,229.6075439453125,235.4199981689453,474.70001220703125,191.80999755859375,151.67588806152344,659.8800048828125,433.6903991699219,118.41999816894531,397.1499938964844,333.97802734375
2025-01-28,237.99832153320312,238.14999389648438,469.9700012207031,195.3000030517578,149.18582153320312,674.3300170898438,446.30511474609375,128.99000549316406,398.0899963378906,333.91815185546875
2025-01-29,239.0971221923828,237.07000732421875,469.260009765625,195.41000366210938,149.94970703125,676.489990234375,441.44482421875,123.69999694824219,389.1000061035156,335.3157958984375
2025-01-30,237.3290557861328,234.63999938964844,472.3500061035156,200.8699951171875,151.6560516357422,687.0,414.1595458984375,124.6500015258789,400.2799987792969,342.4737243652344
2025-01-31,235.74081420898438,237.67999267578125,468.6700134277344,204.02000427246094,150.94175720214844,689.1799926757812,414.22943115234375,120.06999969482422,404.6000061035156,341.225830078125
2025-02-03,227.75958251953125,237.4199981689453,464.6099853515625,201.22999572753906,150.6639862060547,697.4600219726562,410.09771728515625,116.66000366210938,383.67999267578125,345.23907470703125
2025-02-04,232.54432678222656,242.05999755859375,467.489990234375,206.3800048828125,152.27113342285156,704.1900024414062,411.5447998046875,118.6500015258789,392.2099914550781,344.5701904296875
2025-02-05,232.21469116210938,236.1699981689453,473.7300109863281,191.3300018310547,153.4615936279297,704.8699951171875,412.4629821777344,124.83000183105469,378.1700134277344,348.8529968261719
2025-02-06,232.9638671875,238.8300018310547,477.2200012207031,191.60000610351562,152.29095458984375,711.989990234375,414.9879150390625,128.67999267578125,374.32000732421875,346.89630126953125
2025-02-07,227.3800048828125,229.14999389648438,472.739990234375,185.33999633789062,151.904052734375,714.52001953125,408.9300537109375,129.83999633789062,361.6199951171875,347.43536376953125
2025-02-10,227.64999389648438,233.13999938964844,470.1700134277344,186.47000122070312,153.0151824951172,717.4000244140625,411.3951110839844,133.57000732421875,350.7300109863281,350.6400146484375
2025-02-11,232.6199951171875,232.75999450683594,472.6099853515625,185.32000732421875,154.89016723632812,719.7999877929688,410.6166687011719,132.8000030517578,328.5,350.7200012207031
2025-02-12,236.8699951171875,228.92999267578125,471.7300109863281,183.61000061035156,154.02706909179688,725.3800048828125,408.2214660644531,131.13999938964844,336.510009765625,351.489990234375
2025-02-13,241.52999877929688,230.3699951171875,480.489990234375,186.13999938964844,156.0012664794922,728.5599975585938,409.7184753417969,135.2899932861328,355.94000244140625,355.6300048828125
2025-02-14,244.60000610351562,228.67999267578125,479.5899963378906,185.22999572753906,154.91000366210938,736.6699829101562,407.6126708984375,138.85000610351562,355.8399963378906,353.80999755859375
2025-02-18,244.47000122070312,226.64999389648438,482.82000732421875,183.77000427246094,154.99000549316406,716.3699951171875,408.8202819824219,139.39999389648438,354.1099853515625,356.7300109863281
2025-02-19,244.8699951171875,226.6300048828125,483.7699890136719,185.27000427246094,157.88999938964844,703.77001953125,413.94000244140625,139.22999572753906,360.55999755859375,355.2300109863281
2025-02-20,245.8300018310547,222.8800048828125,481.79998779296875,184.55999755859375,159.67999267578125,694.8400268554688,416.1300048828125,140.11000061035156,354.3999938964844,350.489990234375
2025-02-21,245.4600067138672,218.97000122070312,480.48040771484375,182.0449981689453,161.6300048828125,694.0050048828125,413.1000061035156,139.0449981689453,347.3598937988281,352.05499267578125
