Date,AAPL_High,AMZN_High,BRK-B_High,GOOGL_High,JNJ_High,META_High,MSFT_High,NVDA_High,TSLA_High,V_High
2024-02-21,182.03049388623003,170.22999572753906,409.4800109863281,142.17460418355395,153.75733351298936,467.710987586597,399.24196429062215,68.86847997939597,199.44000244140625,274.9189466527282
2024-02-22,184.09076354210745,174.8000030517578,416.260009765625,144.47625097399344,155.74362525692894,488.6432912803049,409.70205797134184,78.55273152131424,198.32000732421875,281.9564446056861
2024-02-23,184.17036202409395,175.75,420.55999755859375,144.15741838056348,157.20667697433217,493.0013030163017,412.70912252547726,82.37063653230604,197.57000732421875,283.83245088643974
2024-02-26,181.90109579673225,176.3699951171875,430.0,141.9255095674052,156.97413235098395,484.80388578084165,409.0371695148512,80.62314814859076,201.77999877929688,283.23690211715154
2024-02-27,183.05562869813585,174.6199951171875,409.9599914550781,138.74703089223482,156.03429839288748,485.9307613087294,405.2262404801438,79.45747419233632,205.6000061035156,282.0656231727667
2024-02-28,182.25939032452453,174.0500030517578,414.6700134277344,137.5114921166886,156.5865597349832,489.7003746334571,406.1987830728558,78.9106201646737,205.3000030517578,284.0110983264072
2024-02-29,181.71198177710176,177.22000122070312,413.7900085449219,138.35843374900972,157.14854362513907,490.3486207729217,411.06170550216336,79.96732622132019,205.27999877929688,283.54456064856896
2024-03-01,179.6815803178056,178.72999572753906,410.3900146484375,138.36838489752787,157.51674319328714,502.864116895511,412.71902889421233,82.27667403889559,204.52000427246097,282.80015102381145
2024-03-04,176.0686126971914,180.13999938964844,405.9500122070313,135.17000103766665,156.58656806827804,503.0336277038722,414.18785690698894,87.67014847781654,199.75,280.90428567838654
2024-03-05,171.2314705105848,176.92999267578125,403.3299865722656,132.75874436377524,156.2280711886475,494.217903781668,411.1112969231929,86.07663632751537,184.58999633789065,278.9091590265801
2024-03-06,170.43522699407845,176.4600067138672,407.44000244140625,133.09750287827276,155.92770421622714,501.5876277126765,402.0902036474927,89.70277597405403,181.5800018310547,279.91168282525115
2024-03-07,169.92763018116116,177.99000549316406,406.3999938964844,134.4525976438854,155.37542282773975,518.4212078949104,406.6752047214003,92.74505586042169,180.0399932861328,279.0878868094392
2024-03-08,172.88365534695112,178.7899932861328,403.3599853515625,137.59121089480263,155.40449118105133,522.1310161834099,407.3103404061873,97.37696845591752,182.72999572753903,279.5841511833119
2024-03-11,173.56048535052068,174.47000122070312,405.010009765625,138.59758760715184,156.30559749946497,495.95313873552806,402.6062316222378,88.77598763810909,182.8699951171875,278.69076670046206
2024-03-12,173.2121062975323,176.75999450683594,407.2000122070313,138.87655156654463,158.03993655678673,500.92945706495095,412.4212950799544,91.93825182530048,179.42999267578125,282.373355500027
2024-03-13,172.37607625258147,177.6199951171875,409.0,140.58037207166473,157.6233126437324,499.6030811930546,415.0115145438447,91.48235245425684,176.0500030517578,283.98135534960835
2024-03-14,173.49080701178275,179.52999877929688,409.0799865722656,143.07135027588964,156.5187468668572,499.972095675005,424.5785058716351,90.6245591375688,171.1699981689453,286.89956070936495
2024-03-15,171.80874633789062,177.92999267578125,408.4599914550781,142.66281985185842,154.24179858495026,490.47823604438105,419.39806083838096,89.5248185728374,165.17999267578125,283.5147859743608
2024-03-18,176.87481800543844,176.69000244140625,410.6000061035156,151.6004316065011,153.7573299894271,496.0528983580825,417.54221722990445,92.38313682655732,174.72000122070312,284.1103715980282
2024-03-19,175.77999515234478,176.08999633789062,412.19000244140625,148.25255391537198,151.9842208727622,495.2650718864235,418.4751417976777,90.52258665813424,172.82000732421875,285.92684072312176
2024-03-20,177.830322265625,178.52999877929688,416.30999755859375,148.3223204856581,151.57728208658128,506.8032419586182,422.7325977803486,90.3886171092284,176.25,287.7234446693191
2024-03-21,176.65586961417029,181.4199981689453,417.8299865722656,149.82686316822054,152.0714185900992,513.624431278809,427.55578606152034,92.6260863495621,178.17999267578125,288.8053232379307
2024-03-22,172.23673773536032,179.25999450683594,414.3500061035156,151.0325052525323,151.49975688522477,508.5683860811608,426.6030252593982,94.75557583351618,171.1999969482422,288.33882431783496
2024-03-25,171.13194711675715,180.9900054931641,411.0700073242187,149.8368319482388,151.1315737677553,505.82591975054345,424.1716107025241,96.74310530536228,175.24000549316406,281.40061395452415
2024-03-26,170.61440032318552,180.4499969482422,412.6600036621094,151.71003147002185,151.37379381760277,508.5983047664013,422.762312878124,96.35220139167362,184.25,282.02595300527287
2024-03-27,172.78414425918754,180.0,417.2099914550781,151.09226569075258,153.30194649860775,498.516111326027,421.2340147133464,93.21794358660644,181.91000366210935,279.16726298372504
2024-03-28,171.4205780589011,181.6999969482422,421.44000244140625,150.88303594669563,154.19335580971074,491.53535961588767,418.6735682140503,91.2784021447898,179.57000732421875,277.72797503422703
2024-04-01,170.4451942217802,183.0,421.6600036621094,155.17748752690167,153.23411994075104,496.062849004547,424.6479711391923,92.20318040940828,176.75,278.8099260721026
2024-04-02,168.54414366405445,180.7899932861328,421.010009765625,154.14121795265817,152.92407650844513,496.1625851475767,419.17973696688534,90.0726859356908,167.69000244140625,277.26147584379214
2024-04-03,169.8778497555363,182.8699951171875,421.9100036621094,154.5198535860717,153.13722800366796,505.84588531504744,420.0530500088036,90.3526251834598,168.82000732421875,278.40294901971413
2024-04-04,171.1120488206033,185.1000061035156,424.5199890136719,154.21098857209273,150.666483994781,528.543355513111,425.4220608182633,90.61255911907426,177.19000244140625,277.0132839200427
2024-04-05,169.58921080070664,186.27000427246097,419.2699890136719,152.86584812713113,148.25390647479256,529.2413753821786,423.2784485638512,88.46007028939938,170.86000061035156,275.90158153760956
2024-04-08,168.40481571452685,187.2899932861328,418.5700073242187,154.70917634581278,148.2829623505465,530.0292878873255,424.0425761054586,88.80898571750684,174.5,275.92146651297065
2024-04-09,169.2806811483862,187.33999633789065,417.3200073242187,157.98727470773983,147.78880439336712,524.4246876440302,424.4990697038264,87.61426743619066,179.22000122070312,275.9412962316989
2024-04-10,168.29532657810816,186.27000427246097,413.55999755859375,156.04432285610454,147.10088930246025,521.1237834896342,420.8171944866389,87.37932438444192,174.92999267578125,274.77002474020264
2024-04-11,174.63541624491384,189.77000427246097,411.1499938964844,159.10322706769728,146.1804175351253,522.4201952092246,426.1167444183971,90.7175383536998,175.8800048828125,274.4325826729777
2024-04-12,177.52176704196785,188.3800048828125,407.2099914550781,159.64128996632022,144.43637846828804,518.7602965451016,421.9585162359949,90.15367382456054,173.80999755859375,274.94874990835103
2024-04-15,175.7998881273465,188.69000244140625,409.05999755859375,158.6648281591198,144.84333056197886,517.1049171905591,423.5860815606245,90.59156018104088,170.69000244140625,275.85199532095265
2024-04-16,172.94338974194338,184.8300018310547,401.25,155.0877854093437,141.7040132887207,503.3826536596228,415.2298762897989,88.09715428207583,158.19000244140625,272.0999882084728
2024-04-17,169.84800441976404,184.57000732421875,399.2799987792969,156.5126325919776,140.89014070978908,501.77711061387714,415.7062108618487,88.75399786729442,158.3300018310547,271.9709509455872
2024-04-18,167.8474456964944,182.38999938964844,402.989990234375,156.37313617874938,141.2680172633474,510.8022605755454,408.76919927263555,86.16961599181461,152.1999969482422,271.127229910704
2024-04-19,165.6179780634261,179.0,405.5700073242187,155.79523715255652,143.52558649002216,501.4180909852817,402.4077746386735,84.30405561291292,150.94000244140625,269.9857574831018
2024-04-22,166.4739172082034,178.8699951171875,411.3500061035156,157.0706034223683,145.59904954949533,490.6577506981275,399.7976607909312,80.05406032863513,144.44000244140625,271.73275753616167
2024-04-23,166.26490473113174,179.92999267578125,410.7200012207031,158.39579663975618,145.81223274244883,497.38920406550506,405.10716505974153,82.74942225992656,147.25999450683594,272.85436155994614
2024-04-24,168.50434510258808,180.32000732421875,407.6199951171875,158.99364999529317,144.3588397011163,508.5983285643047,409.3447683032301,84.06210623959943,167.97000122070312,280.904284079138
2024-04-25,169.80820075027214,173.9199981689453,406.1400146484375,155.92475901649166,144.93050561346692,444.5448191796468,396.8601062584313,83.30329577735385,170.8800048828125,274.17449286652106
2024-04-26,170.53475474394267,180.82000732421875,404.75,174.078959145998,142.60509381411725,445.2129916200224,409.8708046404864,88.31010835661911,172.1199951171875,274.72042917982253
2024-04-29,175.20270935632288,183.52999877929688,404.8699951171875,168.93759415954082,142.64386249594202,438.5513600545136,403.24140976178137,87.97117394342716,198.8699951171875,272.4374328628513
2024-04-30,174.1676137755898,182.9900054931641,400.6000061035156,167.49283889377236,142.31445379470978,438.4117412443997,399.112934090919,88.79798933377148,190.9499969482422,270.0651544530633
2024-05-01,171.89832652202932,185.1499938964844,402.3200073242187,166.51636219465024,147.12996092267227,448.7232983807934,398.6762601059751,85.97965427425616,185.86000061035156,268.9038349369009
2024-05-02,172.60497864880503,185.1000061035156,401.55999755859375,166.12777651220736,147.59504086409956,442.73979680670254,396.89981398666424,86.21659833345969,184.6000061035156,267.4744766299644
2024-05-03,186.12115543095717,187.8699951171875,404.5,167.35332582922285,145.23086559506507,452.9217518023227,404.06510458639696,89.25987812120627,184.77999877929688,267.45465221743143
2024-05-06,183.3343214775735,188.75,405.1499938964844,167.53269246182137,145.3859172605906,464.8788076890571,410.7937370714025,92.19818511482366,187.55999755859375,270.7599887512357
2024-05-07,184.0310211595987,189.94000244140625,407.260009765625,171.13959159841556,145.0758444776021,470.23406087351526,411.5281582197064,91.75928460609056,183.2599945068359,275.82224819007223
2024-05-08,182.20963072654143,188.42999267578125,407.2300109863281,169.53542687427006,145.07585250742244,474.2728765533968,409.1066410493604,91.17242238961246,176.05999755859375,276.4872126950526
2024-05-09,183.79216432803472,191.6999969482422,408.8699951171875,170.07347411221014,145.43436778892217,474.77150152232457,409.5928860565961,91.05046027533749,175.6199951171875,276.7254741047775
2024-05-10,184.4699884019168,189.88999938964844,412.3800048828125,169.2365102995548,145.42465725284984,476.187619687926,412.23276061100023,91.37937754567422,173.05999755859375,278.9488411215695
2024-05-13,186.4732816834413,188.30999755859375,414.2999877929687,168.66856170690536,147.27528481828196,472.04904418086215,415.1802205470415,90.97648188381773,175.39999389648438,280.0605856674316
2024-05-14,187.66926595480425,187.72000122070312,411.55999755859375,170.63144819115178,147.47874754222426,471.2412982045558,414.3267549073316,91.62932476175912,179.49000549316406,277.91656549460663
2024-05-15,190.0113806876588,186.72000122070312,413.3999938964844,172.02639557823605,148.19576441068125,481.1738751879622,421.35753100749633,94.83955234013229,180.0,279.6437129571399
2024-05-16,190.4598907547877,187.30999755859375,416.3399963378906,174.48744937159597,149.5813183300126,476.37711590768146,422.9582516726133,95.7963312267465,175.7899932861328,280.80760306962935
2024-05-17,190.1708626092199,185.3000030517578,417.3299865722656,175.63330516232904,150.0463842119812,471.50054469099473,420.4726906446292,94.71758960919352,179.6300048828125,279.3457703307517
2024-05-20,191.27714266640717,186.6699981689453,417.2799987792969,178.12429935090404,149.82346406073512,471.8994547870053,424.30034916156967,95.17748245890982,177.75,278.70936108700545
2024-05-21,192.0844205327211,183.2599945068359,415.7000122070313,177.50651531969976,149.04205125035722,469.4063210946787,430.46453247000767,95.3774380950692,186.8800048828125,276.87962345333244
2024-05-22,192.17414127105863,185.22000122070312,417.260009765625,176.5101124081547,150.49742417243775,472.4180312123606,429.9077641693655,95.99728259132688,183.8000030517578,276.53155041109176
2024-05-23,190.3602074339564,184.7599945068359,413.25,177.60617773890863,149.28624336121663,473.05625271946514,431.090897164325,106.29485201655152,181.8999938964844,275.89512003616306
2024-05-24,189.9416242186365,182.44000244140625,407.9599914550781,175.1351374202391,146.32669665664253,478.5311951733915,428.565562226306,106.44980479446323,180.0800018310547,273.7073716271904
2024-05-28,192.35351928350596,182.2400054931641,408.239990234375,176.62971585206563,143.3769017102676,479.53840171193445,428.3269711402922,114.9118103957812,178.25,272.9317025783053
2024-05-29,191.6060292626522,184.0800018310547,405.8699951171875,176.20124027818085,142.0387676014009,478.5311757542124,428.4462393633383,115.46467834881877,178.14999389648438,269.6301870889241
2024-05-30,191.53626445370173,181.33999633789065,409.0400085449219,174.58710962745872,142.22435211442422,470.4334873144673,421.8446642438629,115.79160375156064,182.6699981689453,270.1274095669352
2024-05-31,191.92496874276912,179.2100067138672,415.3999938964844,172.43489743083498,144.05088385470688,467.8306813142821,414.3383733012913,112.69034107520358,180.32000732421875,271.2411882816471
2024-06-03,194.3368416096963,178.6999969482422,416.7200012207031,173.89959818960278,145.43784173123422,478.2818594622664,414.0202395554303,114.97279357910156,182.63999938964844,271.6091378868888
2024-06-04,194.66574186569684,179.82000732421875,415.8900146484375,173.22207327739036,144.8615702162743,477.5738184411632,414.03017705380546,116.5724178032169,177.75999450683594,271.469879132945
2024-06-05,196.24044634116564,181.5,410.2799987792969,176.0119242844858,144.54902503764322,495.28499771917234,421.6259378345122,122.4200265583294,176.14999389648438,273.3990949216572
2024-06-06,195.84179017422775,185.0,411.239990234375,176.51012541626176,143.58203412520564,501.43805105913526,422.848821948627,125.5572947597226,179.72999572753906,275.6067484119134
2024-06-07,196.28031956711487,186.2899932861328,415.8800048828125,177.22752061344144,144.8518212592897,497.5387921637262,423.81323935854607,121.66321619288968,179.35000610351562,278.76898529555547
2024-06-10,196.63910486677477,187.22999572753903,413.94000244140625,176.62293035262113,144.12900960335628,501.2784911083545,425.6028192678221,123.07088000938666,178.57000732421875,277.0088722975563
2024-06-11,206.46609195915696,187.77000427246097,408.9100036621094,176.4034791591506,143.738318832329,506.20490392137987,430.3153823959729,122.85103098419252,174.75,273.32947806494644
2024-06-12,219.46241499269527,188.3500061035156,411.8900146484375,179.96467837839828,143.78715728827402,512.5973019382404,440.8341457768561,126.8603972169384,180.5500030517578,276.05425049870564
2024-06-13,216.02395620562416,187.6699981689453,408.0,176.3037322967602,142.60529944207067,507.9600613049779,440.8242426789463,129.77996945393164,191.0800018310547,270.34618387627063
2024-06-14,214.44924427717245,183.72000122070312,406.3399963378906,176.6229449751787,142.57598496226854,506.2582926260963,440.5756810111054,132.81947757204395,186.0,270.0378908987977
2024-06-17,218.21659070332575,185.0,407.8200073242187,177.9197360095358,143.02527737310325,509.8519784682504,448.3305259626429,133.70935334573974,188.80999755859375,270.3163629309941
2024-06-18,217.89766325641617,184.2899932861328,408.5,176.9521166904513,142.9862117280392,505.1103188261855,447.53516969127554,136.30895096412834,187.1999969482422,272.3748141509043
2024-06-20,213.5223844137921,186.5099945068359,411.0,176.85235357595167,144.6369148501397,502.7844390909349,443.946033241849,140.7382501800268,185.2100067138672,276.49177222633654
2024-06-21,211.18023828891836,189.27999877929688,410.4700012207031,180.40358945734673,145.61366484569496,502.5648032467386,447.97260457820744,130.60983137767926,183.9499969482422,275.994588880644
2024-06-24,211.98751777765065,191.0,417.0,180.44347898846337,146.23878025585262,506.9071288518121,450.13005783321864,124.44077645602763,188.8000030517578,278.82869611797094
2024-06-25,210.67194975002215,188.83999633789065,414.25,183.8350820927234,145.73086768761792,509.8120319592657,448.80773551860256,126.48046647434953,187.97000122070312,276.3823592988077
2024-06-26,214.1402980033581,194.8000030517578,410.6799926757813,184.05455150601273,143.76761165198937,512.9066237610901,450.9751265075422,128.1002058280542,197.7599945068359,272.93170422696085
2024-06-27,215.01736433595823,199.83999633789065,410.260009765625,185.5907511371848,143.93365256956193,521.9606543166748,453.5302875755873,126.3904801212093,198.72000122070312,269.0832873584297
2024-06-28,215.34623061165473,198.8500061035156,410.0499877929687,184.6730180950996,143.65042623922423,520.9623872716696,452.7448272217048,127.69027390029416,203.1999969482422,267.1043549319423
2024-07-01,216.78140506529675,198.3000030517578,409.6700134277344,183.42610201051411,145.24251112659826,505.6892862661851,454.7233168460645,124.8207173904901,213.22999572753903,264.2900807064185
2024-07-02,219.64179766849512,200.42999267578125,407.3900146484375,185.111947877425,143.72853607222143,509.6023982144432,456.9304570935814,123.39094559729176,231.3000030517578,266.7364196777344
2024-07-03,220.80789184570312,200.02999877929688,407.1600036621094,185.63063541524275,143.24017580012,510.3810409140256,458.3521910129211,128.26019287109375,248.3500061035156,268.24793473964473
2024-07-05,225.69146503075916,200.5500030517578,411.3999938964844,190.3888846005825,143.14250675148574,539.9189662598088,465.6397765538939,128.83010765300813,252.3699951171875,269.0434671438443
2024-07-08,227.0867830588167,201.1999969482422,413.7900085449219,189.70057035182427,143.7969140732115,541.8556150480077,464.993565428788,130.7498013179992,259.44000244140625,269.9285085659803
2024-07-09,228.631575647805,200.57000732421875,413.7099914550781,190.88763393734175,143.7090163048412,536.534943854359,464.6256672353131,133.79935177124923,265.6099853515625,266.06018083426466
2024-07-10,232.2992560750062,200.11000061035156,413.9599914550781,191.27666912067295,145.994614178844,537.9325132537335,463.7607172108967,135.0791485226844,267.5899963378906,262.01289114864903
2024-07-11,231.61157070495585,200.27000427246097,419.2000122070313,190.38887371973013,147.07879702500605,534.5185133978496,462.0904118522062,136.12896630123663,271.0,262.16201585194807
2024-07-12,231.86073301422448,196.47000122070312,427.4500122070313,186.6481321381669,147.371813776648,507.1966179945045,453.71915189160546,131.89962580236968,251.83999633789065,265.91098335968013
2024-07-15,236.43535998230433,196.19000244140625,434.7099914550781,187.7753505222774,146.75646916296384,505.7891203709795,454.613990998039,131.36970736285187,265.6000061035156,267.7407793826839
2024-07-16,235.4785872610991,196.6199951171875,439.0499877929687,188.2142481828392,147.56717410872648,503.0639397783021,451.67106983710227,129.02006337664668,258.6199951171875,268.7053783465395
2024-07-17,230.68468664215072,191.5800018310547,446.1499938964844,183.09691950366312,153.8281300098067,478.3274889023379,442.2757813397234,121.8311755731112,258.4700012207031,271.3903712414293
2024-07-18,229.66810263837593,189.67999267578125,449.25,182.0495130051355,153.4179032190041,478.39735982553657,442.07694811849893,122.38109957883393,257.1400146484375,272.0963553513593
2024-07-19,226.0402889661169,184.92999267578125,442.7999877929687,179.84494831307,152.8709057605244,485.85423173577976,438.5872443835016,121.5812203691469,249.44000244140625,269.4412929473464
2024-07-22,227.01700459563804,185.05999755859375,438.1099853515625,182.24899856631816,151.50346825181197,491.1948092527094,442.0272287343498,124.0508367192346,253.2100067138672,266.9054290142992
2024-07-23,226.17982967750157,189.38999938964844,437.9200134277344,183.15676222347483,149.9308872031497,494.3492667371595,445.7953108894537,124.67074966179868,255.7599945068359,266.209351354392
2024-07-24,224.0469935779998,185.4499969482422,435.4100036621094,175.75509806112905,152.77323756836347,475.46249439486223,438.9252800797557,119.9314697504062,225.9900054931641,255.76782623361177
2024-07-25,220.11023564894725,183.8999938964844,439.6300048828125,172.9919239516059,156.84629243362085,462.7349484153847,427.31287721528406,116.61198378362548,226.0,256.7821523868042
2024-07-26,218.75477790382115,183.19000244140625,439.0,167.67507428919038,157.82302267347256,468.94401583747384,426.4379540941027,116.18205608900622,222.27999877929688,259.7455599846496
2024-07-29,218.5654190781,184.75,439.44000244140625,170.00929881723164,156.27976551351946,473.12663800490486,429.6492697069918,116.2620396176345,234.27000427246097,261.247115047169
2024-07-30,219.59196666736065,185.86000061035156,443.8900146484375,170.80732627515368,157.79372803204643,471.89881427196735,426.5671576267596,111.97270032897562,232.41000366210935,262.82827904711485
2024-07-31,223.07028238181744,187.94000244140625,440.8500061035156,173.81986369028056,156.62163515651017,475.6621943156695,419.33928250485553,118.32171842494118,234.67999267578125,264.87680375723056
2024-08-01,223.72806581879624,190.6000061035156,440.6099853515625,173.62037311276333,157.0709198723208,526.2430526417324,424.98637136355273,120.14145212596502,231.8699951171875,265.5132679687408
2024-08-02,224.84431334230803,168.77000427246094,436.25,168.09405110957144,161.01699959435092,500.2688112907695,412.5984976168064,108.70320617940068,216.1300048828125,266.4678709384157
2024-08-05,212.7848420736874,162.9600067138672,417.8200073242187,164.02410932064197,161.9253715933813,482.6299281847227,398.7193036046689,103.39403604617902,203.8800048828125,261.45598245266694
2024-08-06,209.2866075294687,165.0800018310547,427.4599914550781,160.1736628779792,157.7253455580924,501.67633006755705,403.3225066578681,107.69335889505676,202.8999938964844,259.0394623273466
2024-08-07,212.9243839975228,167.5800018310547,433.1700134277344,162.57768925896593,156.88536163468663,509.25301636265255,407.7069368759002,108.78320175369558,203.4900054931641,260.57094225540703
2024-08-08,213.4824924067945,166.69000244140625,432.260009765625,163.2859414220711,156.96347926683444,509.063323589831,403.51138026295973,105.4837056790837,200.6999969482422,258.9997212747992
2024-08-09,216.05387055494424,168.5500030517578,434.75,163.38569012929312,157.18813512122998,517.428624215059,405.68872296700823,106.58353850176572,200.8800048828125,260.5852622026408
2024-08-12,219.02793942662467,168.5500030517578,434.1600036621094,164.49294700024495,157.94024179735,517.1091531478668,406.39463013243375,111.05284499933998,199.2599945068359,260.66500024098235
2024-08-13,221.40270642093424,171.0399932861328,432.80999755859375,164.32336104553403,156.64115701328652,530.5654741634111,412.54882074125726,116.21205275014302,208.4900054931641,260.7446735232704
2024-08-14,222.54021400164925,172.27999877929688,438.9800109863281,162.81709194492808,155.84023307579676,533.0611232155595,415.30276256625774,118.5816839218167,208.44000244140625,260.56533319481184
2024-08-15,224.8551228159093,177.91000366210938,442.5899963378906,161.24101257094563,155.79138537799577,538.8209048888737,419.42775054091777,123.22096487339545,215.8800048828125,266.43429245612526
2024-08-16,226.33187474025672,178.33999633789062,445.2000122070313,164.65256172180474,156.22117467588916,532.7216331392892,419.6568394696199,124.98069379843776,219.8000030517578,267.48052524678917
2024-08-19,225.4937226434457,178.3000030517578,450.4500122070313,166.27854559224733,156.56302347365394,530.7251242874288,420.0651916950313,129.97991943359375,222.97999572753903,267.35099790642954
2024-08-20,226.6711275207631,179.00999450683594,450.5,168.2237214990038,157.1881360631883,530.1562131403965,424.15879050030776,129.85995315446397,228.22000122070312,267.08197021484375
2024-08-21,227.47933353511343,182.38999938964844,451.2799987792969,166.43814433776538,157.72533881740273,538.4515900707805,424.69662989295495,129.3300384630808,224.66000366210935,268.30754646797146
2024-08-22,227.8385569948794,181.47000122070312,449.6000061035156,167.17631364571102,158.7118632072914,543.2731128758192,425.0850728631847,130.72980567240006,224.8000030517578,268.5367521319821
2024-08-23,227.7188169640382,178.97000122070312,453.7200012207031,165.7697969111162,160.4016397498926,538.9207178178582,417.58516466451346,129.57999683666532,221.47999572753903,268.24779366087506
2024-08-26,226.7808777924977,177.47000122070312,459.2699890136719,167.13641566956838,161.85700686857172,527.071643458737,415.6130949578331,131.23972191640203,219.08999633789065,269.40362604954714
2024-08-27,228.3474270817302,174.88999938964844,462.1000061035156,166.02914849168488,161.44196540300462,523.0886568561215,412.7047404254691,129.18005210632066,215.66000366210935,269.98159978425815
2024-08-28,229.3552090758367,173.69000244140625,466.6000061035156,165.19122497190503,162.3867647876071,520.1737568712545,413.3421641808517,128.3101879476671,211.83999633789065,271.00791136854144
2024-08-29,232.4085012026452,174.2899932861328,469.8500061035156,165.56032084961527,162.11119690493774,526.2730286194331,420.3640158924635,124.41078612954578,214.88999938964844,275.00355266688916
2024-08-30,229.89402024722435,178.89999389648438,476.9500122070313,163.2560227137605,163.35123369367307,522.6194923441001,415.822210323597,121.73119987357845,214.57000732421875,275.9999507124823
2024-09-03,228.49709095305272,178.25999450683594,482.8900146484375,161.45047953659503,165.15225741054363,524.5660071340112,418.2026793193696,116.19205340222967,219.8999938964844,281.08173280046464
2024-09-04,221.29295584608855,175.97999572753906,484.8200073242187,158.60752082271256,166.17578814059058,515.6816762996249,409.5971891641853,113.25250309042688,222.22000122070312,280.6433148291029
2024-09-05,224.98481497811864,179.8800048828125,479.4299926757813,159.05640389536052,164.71921837152823,520.712804109581,411.4497822581618,109.63306894505408,235.0,280.49382578188835
2024-09-06,224.74537478911404,178.3800048828125,468.1700134277344,157.44040127478374,163.31187137877637,523.6576334177093,409.009566016876,108.13329533322812,233.6000061035156,279.27821105238854
2024-09-09,220.7840757397734,175.85000610351562,466.0,153.2243825181643,164.75860047782092,510.4309140741434,407.017531193238,106.53354171734688,219.8699951171875,285.94429666852506
2024-09-10,220.9936192587632,180.5,464.3200073242187,151.0968351518263,165.79197721927906,513.2759090064498,414.66684525245614,109.38310766040352,226.3999938964844,285.37633829228554
2024-09-11,222.6000688776049,184.9900054931641,457.6199951171875,151.3265608410383,164.14839557180107,512.2177634842137,422.29625388353406,117.17190041388515,228.47000122070312,284.15073485245057
2024-09-12,223.059062794204,187.41000366210935,455.0,154.64278025669208,162.48517663994514,525.7839369388479,425.6627675750461,120.78167799522352,231.4499969482422,284.9777897646071
2024-09-13,223.5479944694599,188.5,452.4299926757813,158.19869964127616,163.12488215047145,526.6523882515548,430.1049097614262,119.95173057852946,232.6699981689453,287.7079836166914
2024-09-16,216.7429728995392,185.80999755859375,452.989990234375,158.06884377455685,164.60112211809786,533.6695051606467,431.79813615912246,118.17185479944176,229.9600067138672,289.8602542611349
2024-09-17,216.42366284814068,189.4499969482422,461.1000061035156,160.36620665654814,165.0636954337726,541.6630662022832,440.08492951868885,118.79181676837956,234.57000732421875,292.0225265588865
2024-09-18,222.22092099435915,188.8000030517578,459.8399963378906,160.31627251867317,165.68372368902723,543.7613808868556,434.288168401725,117.69188606173006,235.67999267578125,290.9762388629189
2024-09-19,229.3153117998868,190.9900054931641,462.19000244140625,163.602496564332,163.7350492779548,561.6169909839053,439.73630274210893,119.65175496418426,244.2400054931641,290.43820726012996
2024-09-20,232.5781131211396,191.83999633789065,457.9500122070313,163.5425643438158,162.258820620072,564.0450074359927,437.4853309751932,118.61182655052458,243.9900054931641,285.974207249696
2024-09-23,228.94610768522745,194.4499969482422,459.6499938964844,165.30055091054933,161.8946750921258,573.5173723525766,434.7164566201473,116.98193669935196,250.0,287.8474951263379
2024-09-24,228.8463445678705,195.3699951171875,455.6000061035156,163.03314552379246,160.9006813157815,567.2923969936288,431.6188608604207,121.79160765008965,257.19000244140625,279.9956443255574
2024-09-25,226.79085685048213,193.9499969482422,455.80999755859375,162.62361092925534,160.73337994203746,576.4150284435315,431.38979462226376,124.93139717496076,257.04998779296875,273.26974152133573
2024-09-26,227.99819881641105,194.52999877929688,457.0,163.89216177797897,158.9815569234018,576.9346780851354,433.5610566850483,127.66120318223068,261.75,272.26335026931616
2024-09-27,229.01596089620384,190.8999938964844,458.2699890136719,165.51031051590132,160.84161322513452,570.3799466541782,430.1248672217253,124.02145581335267,260.70001220703125,276.9864469051213
2024-09-30,232.4883270263672,188.4900054931641,460.6300048828125,165.9597853581085,159.61141130366968,574.2168225832384,428.70057032593814,121.49162641926588,264.8599853515625,274.70463051559915
2024-10-01,229.14567442683443,186.19000244140625,459.7900085449219,168.9663574434244,160.17239633438666,582.5700833930905,426.7683189487975,122.43156321712524,263.9800109863281,278.062591812052
2024-10-02,226.8706831083472,186.6000061035156,458.7000122070313,167.32823890222443,159.5523674472498,575.5357590193373,421.1309565128566,119.37177440698213,251.16000366210935,276.64764525538266
2024-10-03,226.3119038145279,183.44000244140625,455.9700012207031,166.4492413884297,158.88315323144894,582.8897832625125,417.8739927473743,124.3514356140466,249.7899932861328,276.69747277597696
2024-10-04,227.49930262356304,187.6000061035156,462.1799926757813,168.03741799352926,157.95802343031949,596.3689565671799,418.07321108796054,125.03138669129712,250.9600067138672,277.4447713048153
2024-10-07,225.1943712346882,183.6000061035156,462.3399963378906,168.2871304607625,158.31232491992176,602.4640543216561,415.4437592952022,130.63100158341018,249.8300018310547,276.62772936922175
2024-10-08,225.4837307412941,183.08999633789065,457.55999755859375,164.54142369438745,157.71198656263414,593.081613342466,413.99956190900485,133.47079980711666,246.2100067138672,275.11317391317993
2024-10-09,229.24546472466872,185.8500061035156,457.8800048828125,164.65129754460094,158.6666315192219,593.9109352089645,418.70067647812056,134.51073540803478,247.42999267578125,276.49818155420917
2024-10-10,228.99601435408132,188.1300048828125,457.510009765625,162.88332710504665,158.83393250799853,589.7542408894429,415.68278008253634,134.99069430038207,242.7899932861328,276.67756881032915
2024-10-11,228.9062089337624,189.92999267578125,463.4500122070313,163.7123639633056,160.08382364264304,590.7335426141501,415.46368322393135,135.77063861955767,223.33999633789065,277.8034840237149
2024-10-14,231.22110160659443,189.8300018310547,462.0,166.03969909717978,159.57205988152677,599.6162821918657,422.3460566440114,139.59039453634375,221.91000366210935,280.36429397728153
2024-10-15,236.9684620133565,188.41000366210935,466.6600036621094,167.48804403838992,164.10904615090783,590.1339531553972,420.7923105426525,138.5604635568482,224.2599945068359,281.6298111765263
2024-10-16,231.61024577942743,187.77999877929688,466.0,165.61019873881125,162.37692337596144,581.6108484225683,414.6967341717602,136.61057945313823,222.82000732421875,286.57207118204866
2024-10-17,233.3364614020046,188.94000244140625,467.8399963378906,166.179533539939,162.38676284518755,584.498525214523,420.812237767026,140.88029674498213,222.0800018310547,289.8901598713145
2024-10-18,235.66131853389135,190.7400054931641,467.0,164.52145724074808,162.67215806134502,583.4993265515407,417.97357047210465,138.89042567419548,222.27999877929688,289.99974997498134
2024-10-21,236.32987592195377,189.4600067138672,465.7900085449219,164.3116873279236,162.63279981767795,576.7747517900956,417.2863598354636,143.70010375976562,220.47999572753903,289.4019024058808
2024-10-22,235.70125104779564,191.52000427246097,465.1499938964844,165.5802419476502,161.13687708817233,583.059749102595,428.85992860317606,144.4100533191971,218.22000122070312,285.5058964857492
2024-10-23,234.6236210523599,189.16000366210935,463.260009765625,165.63018698109346,163.37092114197858,584.5284780017795,429.3579337373482,142.42018195043707,218.72000122070312,285.0375557008521
2024-10-24,230.3131259260407,187.11000061035156,461.0499877929687,163.14302421507978,162.88867460461677,568.4214766798149,424.2783011634291,141.34026726626666,262.1199951171875,282.6062668557324
2024-10-25,232.7078323586645,190.4499969482422,459.4500122070313,165.4004362996681,161.32386240459067,580.8214617194669,430.79217425375066,144.12007609663013,269.489990234375,284.07102908710095
2024-10-28,234.21451699403664,190.2100067138672,459.239990234375,168.55681917401554,159.40475410814076,583.2794909577367,430.21452917811945,143.13012940104122,273.5400085449219,283.62262858625064
2024-10-29,233.815399347975,191.4600067138672,458.9200134277344,170.18495914581706,159.60157878797207,593.1915192160194,431.43961494644,142.25018978946702,264.9800109863281,284.67885125257607
2024-10-30,232.95727501758805,195.61000061035156,457.6700134277344,181.8116272766613,158.7256863433597,600.7154460578435,436.7483071680008,140.32033586087627,263.3500061035156,294.7228020402566
2024-10-31,229.325284321648,190.6000061035156,456.8399963378906,176.61759375547854,158.32216919778585,589.4245764245477,414.4975548257246,137.60052669144986,259.75,295.2808196275157
2024-11-01,224.8551151455125,200.5,455.1199951171875,172.1227374784499,158.5091662529469,573.2076440008003,413.8401634297127,137.30054292300855,254.0,291.62396114465463
2024-11-04,222.3007315284092,197.3300018310547,450.7000122070313,170.53454918701203,157.74150988347853,568.2316421306225,408.7804696748795,138.95043742397988,248.8999938964844,292.1022261821076
2024-11-05,223.4581915257104,199.82000732421875,445.2300109863281,170.33478903527796,156.0782761036001,573.0177694578593,413.2425752143605,140.36031985674174,255.27999877929688,293.72639443917393
2024-11-06,225.5735453041769,207.5500030517578,469.260009765625,176.73745331219902,158.3024947753835,572.5381747409726,418.7704057056053,146.47990453076164,289.5899963378906,307.8955568132778
2024-11-07,227.37956894750107,212.25,468.4599914550781,180.87271488977296,156.23575360340797,594.3206217597054,425.1448706929316,148.91973532669053,299.75,306.53044629446083
2024-11-08,228.4088689967903,209.9600067138672,466.3500061035156,180.69291225137096,154.592192089468,592.6219696885161,424.7962229099081,149.7596791286017,328.7099914550781,310.03786754477585
2024-11-11,225.45212091614073,209.6499938964844,470.510009765625,180.3433226939525,155.08426810021658,586.5268812894068,423.11297221775334,148.83974895267767,358.6400146484375,311.3232720535867
2024-11-12,225.34224111445195,209.5399932861328,468.4200134277344,182.28109325658863,152.58450221470284,599.1766373771187,422.744458901271,149.63967674683423,345.8399963378906,310.02830410204115
2024-11-13,226.4010754152989,215.08999633789065,468.3999938964844,180.75285268181247,151.0787317767371,585.168000649057,427.61494119189337,149.31970476911368,344.6000061035156,310.42767594412226
2024-11-14,228.61864039722624,215.8999938964844,469.4500122070313,178.6152941368307,151.15746658262498,580.2919594723807,426.4595778768523,148.98972901300397,329.9800109863281,310.76707943708357
2024-11-15,226.6707733581308,207.33999633789065,472.260009765625,173.9406465119526,151.98415664581026,572.1085099621108,421.1110226744225,145.23000003001434,324.67999267578125,310.19804542872987
2024-11-18,229.4876892234719,204.6699981689453,472.6700134277344,175.23915857623498,152.86991504573095,559.4487531149258,416.72858966014985,141.54024775288784,348.54998779296875,311.8852001534359
2024-11-19,229.90722171238716,205.3000030517578,470.7699890136719,178.66523335503967,151.55113870335524,560.9775092082989,416.270457948444,147.1198647758357,347.3800048828125,311.70550788475083
2024-11-20,229.67746064503265,203.1300048828125,470.6099853515625,177.47658472831748,150.8228559587659,565.8934960924114,415.6230278333229,147.54982691113315,346.6000061035156,311.76542005471345
2024-11-21,229.90722593821596,203.4900054931641,474.6600036621094,173.93066947333787,153.5883445944877,569.540573055585,418.9399686403921,152.8794696932069,347.989990234375,310.3977311550945
2024-11-22,230.4666110292765,199.2599945068359,477.44000244140625,166.26944668285782,154.6315459730909,563.3756147608086,416.56472079906104,147.1498637894418,361.5299987792969,311.06656107637025
2024-11-25,232.9938300911163,201.9499969482422,482.5,168.43695792128975,154.55281352975808,572.1285540602511,420.23736087052777,142.0402188161131,361.9299926757813,313.1330910674444
2024-11-26,235.31128373473052,208.0,479.3999938964844,169.62560245554164,154.01715228758886,577.0345279001676,428.18146205416855,139.29040920481154,346.9599914550781,313.9716943646321
2024-11-27,235.43115689965904,207.63999938964844,491.6700134277344,169.28598395476882,155.38619799596373,574.516581935116,426.37509083138485,137.21054859333148,342.54998779296875,315.8385337523803
2024-11-29,237.5488197625333,208.1999969482422,486.010009765625,169.236038050321,154.43381527586985,577.9937945773128,424.0297817162198,139.34040886007423,345.45001220703125,315.71873764170243
2024-12-02,240.52553753151284,212.9900054931641,485.0899963378906,171.88300683066288,153.76913324461287,594.0208708971044,432.13353107658475,140.44031954365505,360.0,316.88679853125797
2024-12-03,242.49337894569655,214.02000427246097,478.2999877929687,172.4823069012363,153.57072694369242,613.7050010762927,431.6045752942296,140.5303151909217,355.69000244140625,316.7869491934848
2024-12-04,243.84190102311464,220.0,471.3399963378906,174.70976999200622,150.35645662222328,617.282115464708,438.7901751847669,145.7799540199716,358.1000061035156,312.3244818364162
2024-12-05,244.2714238935446,222.1499938964844,472.739990234375,175.858450636237,149.18582815375598,619.4003991271754,443.770179142923,146.5399932861328,375.4299926757813,310.56742434736736
2024-12-06,244.3613305629988,227.1499938964844,472.0799865722656,174.8795813358406,148.85844239705992,629.2823794750941,445.2073090094776,145.6999969482422,389.489990234375,312.0349328204121
2024-12-09,246.96847124510987,230.0800018310547,471.7000122070313,176.25999450683594,149.69176714553552,625.8951772240001,447.4328163406456,139.9499969482422,404.7999877929687,312.4842145549426
2024-12-10,247.93739821602463,229.05999755859375,464.989990234375,186.36000061035156,149.63225276250697,625.0858279793719,448.7202622082635,141.82000732421875,409.7300109863281,312.45425331366414
2024-12-11,250.5245479203196,231.1999969482422,465.4800109863281,195.61000061035156,147.32075516854542,637.8854652597508,449.4488165759074,140.1699981689453,424.8800048828125,315.019901108894
2024-12-12,248.46682524629017,231.08999633789065,463.5700073242187,195.17999267578125,146.5965538011628,636.1468190198666,455.2471685109344,138.44000244140625,429.2999877929687,315.01990786738736
2024-12-13,249.016197294528,230.1999969482422,460.510009765625,192.72999572753903,145.76320905928728,630.5713687123745,450.5266178755225,139.60000610351562,436.2999877929687,316.41758265310267
2024-12-16,251.1039203968556,233.0,460.4200134277344,199.0,146.08068178515416,631.1500244140625,451.27512549789225,134.39999389648438,463.19000244140625,317.02655263267593
2024-12-17,253.5512208135588,232.72999572753903,456.6199951171875,201.4199981689453,145.49535969192723,632.3699951171875,454.3789237624039,131.58999633789062,483.989990234375,318.304390714388
2024-12-18,254.0007260278641,231.3999938964844,458.7300109863281,197.0,145.57472755088887,627.3599853515625,451.7441820228141,136.6999969482422,488.5400085449219,321.0797198879251
2024-12-19,251.72323503929724,226.08999633789065,453.7999877929687,193.02999877929688,144.06679533394205,611.52001953125,442.29314366547726,134.02999877929688,456.3599853515625,316.33769098721893
2024-12-20,254.71994465608725,226.2100067138672,458.6499938964844,192.88999938964844,144.31481282986903,603.1099853515625,442.85201454579715,135.27999877929688,447.0799865722656,319.4624618218085
2024-12-23,255.3692268422543,226.8800048828125,454.5499877929687,195.1000061035156,144.17593041731575,601.0900268554688,436.7742196281346,139.7899932861328,434.510009765625,317.43587393605134
2024-12-24,257.92641115938613,229.13999938964844,458.989990234375,196.11000061035156,144.69180297851562,607.989990234375,438.7203153724094,141.89999389648438,462.7799987792969,320.9998782238855
2024-12-26,259.81433504408284,228.5,459.4800109863281,196.75,145.2076547986041,606.2999877929688,440.0576302640168,140.85000610351562,465.3299865722656,320.9100426042519
2024-12-27,258.41589596104086,226.02999877929688,461.1300048828125,195.32000732421875,145.43584191739794,601.8499755859375,434.3490742197977,139.02000427246094,450.0,320.9599203244712
2024-12-30,253.22159473829512,223.0,454.69000244140625,192.5500030517578,143.7295003970171,596.9400024414062,426.6944166190143,140.27000427246094,427.0,316.57729861557755
2024-12-31,253.00183336212825,223.22999572753903,454.3299865722656,191.9600067138672,143.52116359121268,593.969970703125,425.8760697244736,138.07000732421875,427.9299926757813,317.12639860636284
2025-01-02,248.826433311358,225.1499938964844,456.8900146484375,192.0,144.61243059570108,604.9099731445312,425.2174031564215,138.8800048828125,392.7300109863281,319.14298599081565
2025-01-03,243.911819160746,225.36000061035156,454.5299987792969,193.2100067138672,143.42197015647923,609.5,423.1814700735548,144.89999389648438,411.8800048828125,315.38932509526825
2025-01-06,247.0583693989477,228.83999633789065,456.239990234375,198.22000122070312,143.66998759723828,630.989990234375,433.450889550372,152.16000366210938,426.4299926757813,314.8602186911189
2025-01-07,245.28032844029428,228.3800048828125,456.5199890136719,201.0,146.0112243070221,632.0999755859375,429.7882097463078,153.1300048828125,414.3299865722656,314.66052980966305
2025-01-08,243.44234164075263,223.52000427246097,454.0,196.2899932861328,144.4338560489664,616.4400024414062,426.11559975123726,143.9499969482422,402.5,313.5124736137634
2025-01-10,239.8962364632009,221.7100067138672,453.0,196.52000427246097,142.529100198471,629.9099731445312,423.8600860063737,139.9199981689453,399.2799987792969,311.32614476015885
2025-01-13,234.41227060505477,219.3999938964844,445.0,191.17999267578125,143.91799531546857,608.969970703125,417.66253969684465,133.49000549316406,403.7900085449219,306.4044494628906
2025-01-14,235.8606656353981,221.82000732421875,450.2999877929687,191.97999572753903,143.66004601396324,605.489990234375,418.9000587938386,136.3800048828125,422.6400146484375,309.638980131781
2025-01-15,238.6975638581554,223.57000732421875,459.0899963378906,196.36000061035156,144.89021209935098,622.4600219726562,427.29322350331137,136.4499969482422,429.7999877929687,316.65716271335265
2025-01-16,237.74859991927732,224.6499938964844,462.9599914550781,195.47999572753903,146.89417833445603,616.25,428.6305247845027,138.75,424.0,318.64382213479166
2025-01-17,232.03487756377,226.5099945068359,470.1799926757813,197.22999572753903,147.20171240041276,624.969970703125,433.61058460419247,138.5,439.739990234375,320.05147118370127
2025-01-21,224.17352112887505,231.77999877929688,473.1700134277344,202.2899932861328,147.67789450938392,621.5,430.0377082937944,141.8300018310547,433.2000122070313,324.0347506373584
2025-01-22,223.87384226456615,235.44000244140625,468.8900146484375,200.47999572753903,144.31481806615707,633.7000122070312,446.37496460039233,147.7899932861328,428.0,325.19281020291476
2025-01-23,226.78066167492807,235.52000427246097,464.760009765625,200.3000030517578,146.7354440167291,636.5999755859375,445.85599903960934,147.22999572753906,420.7300109863281,327.95817522533196
2025-01-24,225.38220009721184,236.3999938964844,463.80999755859375,200.8999938964844,146.45766381729024,652.0,445.7562002010948,148.97000122070312,418.8800048828125,330.5338137953275
2025-01-27,231.89502211760887,235.61000061035156,474.9299926757813,196.8800048828125,152.23143863612657,663.8699951171875,434.3291330844904,128.39999389648438,406.69000244140625,334.9264131946269
2025-01-28,239.9262098046868,241.77000427246097,473.9299926757813,195.47999572753903,151.75525043924222,682.5800170898438,447.4827461239755,129.0,400.5899963378906,337.262500156339
2025-01-29,239.5965730646729,240.38999938964844,473.9200134277344,196.7899932861328,150.67392097732838,681.0499877929688,445.9857373249504,126.88999938964844,398.5899963378906,336.54371025422756
2025-01-30,240.52553823889048,237.9499969482422,474.05999755859375,201.3999938964844,152.91597078059664,710.7899780273438,422.0137922192137,125.0,412.5,343.861404034414
2025-01-31,246.9185272875337,240.2899932861328,472.5499877929687,205.47999572753903,151.9635766691207,705.2999877929688,419.84816997012905,127.8499984741211,419.989990234375,350.6599680967191
2025-02-03,231.5753945205246,239.25,466.739990234375,203.75,151.25922762443935,704.0,414.57872255523336,118.56999969482422,389.1700134277344,345.4187650185363
2025-02-04,232.87396618357337,242.52000427246097,467.9100036621094,207.0500030517578,152.9556413815736,707.7100219726562,413.09171636714575,121.1999969482422,394.0,345.4287615930734
2025-02-05,232.4144684638066,238.32000732421875,474.239990234375,192.75,153.50126932336892,718.1400146484375,413.0018796658512,125.0,388.3900146484375,348.89293816287386
2025-02-06,233.54323203112875,239.66000366210935,478.0,192.1000061035156,153.61039472863249,718.9000244140625,417.36315732347487,128.77000427246094,375.3999938964844,350.0609591256751
2025-02-07,233.74300400322835,234.80999755859375,478.25,191.17999267578125,153.2631837103113,725.010009765625,417.8122379259866,130.3699951171875,380.5499877929687,350.16078871658067
2025-02-10,230.58999633789065,233.9199981689453,474.2000122070313,188.1999969482422,153.1441398689115,721.2000122070312,414.6286177998997,135.0,362.7000122070313,351.3088721209857
2025-02-11,235.22999572753903,233.44000244140625,473.0499877929687,186.94000244140625,155.14809711133563,723.6599731445312,411.6645553606299,134.47999572753906,349.3699951171875,352.1199951171875
2025-02-12,236.9600067138672,231.17999267578125,472.1499938964844,185.11000061035156,154.42390175942873,727.0999755859375,409.92803560329327,132.24000549316406,346.3999938964844,351.8299865722656
2025-02-13,242.33999633789065,230.4199981689453,481.19000244140625,186.27999877929688,156.8742831804581,729.0,410.1775463061904,136.5,358.69000244140625,356.0799865722656
2025-02-14,245.5500030517578,229.88999938964844,484.5499877929687,186.3999938964844,156.21952878168315,740.9099731445312,408.0917213200678,139.25,362.0,355.42999267578125
2025-02-18,245.17999267578125,229.3000030517578,484.05999755859375,185.9600067138672,155.4499969482422,737.0,409.7783523938356,143.44000244140625,359.1000061035156,356.739990234375
2025-02-19,246.0099945068359,226.8300018310547,484.7200012207031,185.4600067138672,158.3000030517578,707.0,414.6585628844229,141.36000061035156,367.3399963378906,357.1499938964844
2025-02-20,246.77999877929688,225.1300048828125,484.2000122070313,185.30999755859375,159.9499969482422,705.6300048828125,419.30999755859375,140.66000366210938,362.2999877929687,356.1300048828125
2025-02-21,246.94000244140625,223.30999755859375,482.1763916015625,185.33999633789065,161.69000244140625,703.8699951171875,418.0480041503906,141.4600067138672,354.9800109863281,352.6499938964844
