Date,AAPL_Low,AMZN_Low,BRK-B_Low,GOOGL_Low,JNJ_Low,META_Low,MSFT_Low,NVDA_Low,TSLA_Low,V_Low
2024-02-21,179.81097819372195,167.13999938964844,406.7000122070313,140.17185460093927,152.24582641609638,460.520812269016,394.21037106162225,66.22922867549799,191.9499969482422,271.50441856843713
2024-02-22,181.60251261136847,171.77000427246094,411.0,142.28420055167445,152.86594240684667,474.7515840939021,405.4743557171247,74.19896984840972,191.36000061035156,276.9140769197355
2024-02-23,181.37357059288817,173.6999969482422,416.5199890136719,142.91193329556273,155.1816453615845,481.024331590762,405.87134201034183,77.54800675290157,191.5,281.4005818892812
2024-02-26,179.80101134340092,174.25999450683594,408.8500061035156,136.89374711196356,155.57890522764538,479.27910364214137,404.2735197528158,78.48274845329479,192.0,280.5668199657775
2024-02-27,178.71611879819,172.86000061035156,401.7099914550781,136.5948291340012,154.67782127850924,478.60098661994806,400.7901076502163,77.1401304524677,198.2599945068359,279.45509450624866
2024-02-28,179.28345207788615,172.27000427246094,407.7099914550781,134.92089263274784,155.30758315591157,481.42319871917215,402.2489583201667,77.1031340976841,198.44000244140625,279.99107201322283
2024-02-29,178.6862603817135,172.85000610351562,408.3800048828125,135.90731265980716,155.93739819956087,481.2835770049522,402.8444425387032,78.32779165828474,198.4499969482422,280.0903207356627
2024-03-01,176.54639012704013,176.07000732421875,405.4500122070313,136.42543150391907,156.0827363042319,490.4982032013804,407.76684684717014,79.41248066903071,198.5,280.02086777326195
2024-03-04,172.97322823226915,177.49000549316406,401.4299926757813,131.43354600148837,153.35039108705348,495.0556155027217,409.1959690810067,83.69527728073402,186.72000122070312,276.07035458421416
2024-03-05,168.82284541599856,173.3000030517578,398.7799987792969,130.1980198718621,154.25147363640409,486.549067453912,397.6044321579871,83.3972699001233,177.57000732421875,275.62367318177337
2024-03-06,167.88724549652,173.25999450683594,401.7000122070313,130.37736805851614,154.27086550402464,492.9314913143984,395.37150921419715,87.00941296076404,173.6999969482422,277.2416008742651
2024-03-07,167.6981670423948,173.72000122070312,399.5700073242187,131.1346238166757,153.32132494502565,500.00200048626294,399.1923248157397,89.58080357117521,173.6999969482422,274.11497728278977
2024-03-08,168.1460314883945,174.3300018310547,400.010009765625,133.51598775330365,153.50540864947777,497.977581738304,401.2664565057241,86.48553983918421,174.6999969482422,276.7651556925911
2024-03-11,171.2414336396481,171.47000122070312,402.739990234375,135.63831380184791,153.94143916702916,474.6917287890398,398.2197380918189,84.14608663109752,174.8000030517578,275.9313550056785
2024-03-12,170.20629520329734,171.97999572753906,404.1000061035156,136.53503389985363,156.12148644341508,483.3977870371672,403.70782104780903,86.12962825022079,172.41000366210938,278.21438121979173
2024-03-13,169.95748841772314,175.5500030517578,404.1499938964844,138.48796650102636,154.8425273105045,489.68041632114824,408.33252598364385,88.41407818473327,169.14999389648438,281.7182406004744
2024-03-14,171.2414336176872,176.47000122070312,403.3399963378906,139.95266615248607,153.7573440307899,486.818344638196,414.8229687362819,86.57951107256054,160.50999450683594,282.4427902166009
2024-03-15,169.48969463541124,173.89999389648438,402.5,139.52420388051803,152.2167669293922,479.977178020624,409.6623914264508,86.23660263652593,160.75999450683594,280.54693796514323
2024-03-18,172.70450743615612,174.27999877929688,406.0,146.63842350936574,151.6354009272275,485.47204318250544,410.6448639845401,87.0643957820598,165.89999389648438,281.1524286982799
2024-03-19,172.2168180823409,173.52000427246094,408.0899963378906,145.55235113001697,150.8215241972641,479.9572535879528,412.40148582557026,84.98989876877435,167.4199981689453,283.1376519042023
2024-03-20,174.2671449787142,174.63999938964844,411.5499877929687,146.20998275953795,150.38551906913753,493.80905568265587,417.4727666861834,88.20213035729925,170.82000732421875,284.5967771637106
2024-03-21,170.03711298613993,178.14999389648438,413.510009765625,146.36939548869665,150.2789322084076,504.6192811724909,423.9235133811952,90.383613096347,171.8000030517578,285.7679861126531
2024-03-22,169.26078406375387,176.75,411.3999938964844,148.44189019287876,150.2886114812384,502.9538548537801,422.8417631107263,90.81250872192484,166.3000030517578,280.795128841356
2024-03-25,168.65364374159117,177.24000549316406,408.9200134277344,147.28608110690303,150.08514229660392,498.86509314959864,418.4155378736024,93.48787892632636,168.72999572753906,277.96624457273793
2024-03-26,168.78305115074727,177.9499969482422,408.6000061035156,149.43826804536724,149.94948563236534,493.8489454067389,418.1574853754856,92.48011649573958,177.3800048828125,276.3483097865446
2024-03-27,169.31054062211945,177.30999755859375,413.3999938964844,148.3621572785026,150.6083602210076,486.7285902424967,415.83523039825434,89.10192062444933,176.0,274.9288944649078
2024-03-28,169.70866021166748,179.25999450683594,415.8500061035156,149.6275924700879,153.19537309720093,483.816611475982,415.94440442920035,89.17189838767457,175.3000030517578,275.0678286031199
2024-04-01,168.68350825393796,179.9499969482422,417.80999755859375,150.0660117298206,151.8970253866848,480.45586777401655,419.0209183546172,89.18289900570285,170.2100067138672,274.7402819444995
2024-04-02,167.43935975957754,178.3800048828125,418.0899963378906,151.60042555488943,151.1025089534804,483.3179797266994,414.6741269340057,87.59927224925994,163.42999267578125,274.9289024342941
2024-04-03,167.78772821512752,179.8000030517578,418.5199890136719,152.17833569366672,149.45534301464264,497.3792290791321,415.91463197146663,88.37909305261387,163.27999877929688,274.5119647936356
2024-04-04,168.02662658691406,180.0,414.5499877929687,149.90658473597423,147.67253618907856,509.1767157749895,414.4061573873391,85.85967846162676,168.00999450683594,271.5341727065847
2024-04-05,168.15597599547186,181.97000122070312,415.4100036621094,149.05965379855488,146.89742930567925,512.9961097327337,415.1504997519638,85.9056744370297,160.50999450683594,272.99328668226053
2024-04-08,167.4493358859462,184.80999755859375,415.6300048828125,152.0587804913781,146.84897018919472,517.463941013592,420.09272093696904,86.71148250630124,167.7899932861328,273.1124067431124
2024-04-09,167.55881583801002,184.1999969482422,412.1199951171875,154.6294521008992,146.248231000282,505.3472598986763,418.42544485426635,83.00235992295175,171.9199981689453,271.295960816915
2024-04-10,166.3246362072623,182.6699981689453,407.5299987792969,154.12128614016555,145.1049091760442,504.40983726108385,416.5200154975315,83.68919571165225,170.00999450683594,272.09000739573406
2024-04-11,167.36972023014152,185.5099945068359,404.0499877929687,155.89487172481208,143.77750892062315,515.8682450606731,419.15984809671994,86.90544422861728,168.50999450683594,270.1644074573639
2024-04-12,173.39127675717174,185.0800018310547,401.44000244140625,156.57241303671086,142.57604592326254,507.9301286712112,416.58950274190113,87.50929517888258,170.36000061035156,272.0305188758884
2024-04-15,171.68929323241036,183.0,399.8599853515625,154.031614907997,142.78921756178607,495.9132896082773,410.2975202475589,85.90867029394323,161.3800048828125,268.3380462098625
2024-04-16,167.47920033817573,182.2599945068359,396.5,152.8758028431647,138.93291199302834,495.74370313879336,410.59527673352017,86.04364687363933,153.75,268.16932170338504
2024-04-17,167.21046447753906,179.82000732421875,395.6600036621094,154.02166253265213,139.07825694412796,485.80115119571866,407.22097481991534,83.93013485819698,153.77999877929688,269.4894641668866
2024-04-18,165.7672716683895,178.64999389648438,399.1000061035156,154.06150870581618,138.68101219113368,497.66844369943567,400.88935677884103,82.38250995062032,148.6999969482422,267.8615849423748
2024-04-19,163.3088890664717,173.44000244140625,400.1700134277344,151.74990407497378,140.04716548863854,474.4225133740298,394.7561698730406,75.58812265213056,146.22000122070312,266.3032396402522
2024-04-22,163.99562926284756,174.55999755859375,406.25,153.50353256450154,142.7213670939125,472.09888330606213,392.7514505668274,76.38193249215077,138.8000030517578,267.3653162569067
2024-04-23,164.14491040339777,175.97999572753906,405.6400146484375,155.71551057070164,143.5934059317241,487.6261026487708,400.0060952402287,80.24501744031475,141.11000061035156,270.69048217214555
2024-04-24,165.42887079721268,176.17999267578125,403.8800048828125,156.60230952963957,142.29504332482423,483.2481788752304,403.6978782890979,79.1642633085821,157.50999450683594,272.457293970589
2024-04-25,167.3597550998357,166.32000732421875,400.3500061035156,150.32504828236043,141.78152755839392,413.3607736978277,385.0899520019121,78.20450323133004,158.36000061035156,268.48691467032506
2024-04-26,168.38490238817732,176.1300048828125,401.4100036621094,169.03722295078387,141.41333090580497,430.7727779862541,402.6856699602139,83.36727751648604,166.3699951171875,271.8021982857462
2024-04-29,172.28648678772151,179.38999938964844,400.0799865722656,164.6132737420375,141.45209955629463,427.3821302997697,396.1654273618807,85.24582111102696,184.5399932861328,269.0824583693114
2024-04-30,169.20105955998108,174.8000030517578,396.3699951171875,162.01270456618366,140.03749420921076,428.5389565424444,386.2213658866136,86.27958803217874,182.83999633789065,266.5910729798394
2024-05-01,168.31523926242042,176.55999755859375,396.3500061035156,162.50091966243355,143.0314339150627,425.9360944037606,387.3527074474504,81.23577409191292,179.00999450683594,264.7349250628265
2024-05-02,170.08687006909776,179.91000366210938,397.8800048828125,163.2980380787729,144.5041951013711,431.0919058176281,391.6598205584853,83.18031423689433,176.02000427246094,264.6753524984426
2024-05-03,181.8015557893833,185.4199981689453,399.2099914550781,162.46105737339033,143.22521651466332,442.6301084579704,398.815177316325,87.01941093195316,178.4199981689453,264.52648575565934
2024-05-06,179.5720873686165,184.8000030517578,399.260009765625,165.43031298857602,143.3124366349766,452.0940349229928,403.29101993493754,89.0339329305278,182.1999969482422,267.5737681553052
2024-05-07,180.46785941606433,187.30999755859375,403.6099853515625,167.78176901755162,143.8356327021693,460.0421479759587,405.99041958064737,88.98994329110344,177.39999389648438,270.8096262693137
2024-05-08,180.5972339353124,186.38999938964844,403.75,168.1305312267856,144.07786977014908,461.72746550354617,403.6284454091321,89.39884006964895,170.14999389648438,272.88411975525287
2024-05-09,181.25414542501753,187.44000244140625,405.4599914550781,167.57253044363202,144.26197235723737,466.3447442384856,406.0003190785622,88.21013637581568,171.3699951171875,274.3531583243156
2024-05-10,181.51991222172592,186.92999267578125,409.2000122070313,165.58972651856698,144.55263841668938,468.3093384541752,408.67986853475014,89.20588826518858,167.75,277.1720884212437
2024-05-13,184.00157793065927,185.36000061035156,410.19000244140625,163.40763421198423,145.05647288770854,461.57790253094504,407.7072756246173,88.50806398354068,169.0,277.0331839801903
2024-05-14,185.6659889969534,183.4499969482422,408.1700134277344,168.19030058623227,146.01567455629674,458.8155208653369,408.4317586361448,88.91296448661012,174.07000732421875,272.2389229026266
2024-05-15,186.74236879854,182.72999572753903,410.1000061035156,169.89412569954976,146.59705822146043,469.90494479227425,414.8553676108549,91.57732397485312,173.11000061035156,275.01821806611326
2024-05-16,189.02471179656044,183.4600067138672,412.9100036621094,172.06623400035872,147.59503675620874,471.4506906034327,417.9175827662757,94.08073378370165,171.42999267578125,277.70498130003926
2024-05-17,188.5463175718117,183.3500061035156,413.7000122070313,173.06262247140117,148.93213634065714,467.132608243744,415.61097317740536,91.7842854613637,172.75,276.5514201032778
2024-05-20,188.37688635675943,183.27999877929688,412.6199951171875,175.44401301272487,147.74298481646187,465.7563814678026,417.5595849948594,93.41790418504468,173.52000427246094,276.63100247980094
2024-05-21,190.2804858058215,180.75,412.55999755859375,175.1749710590742,147.28390095525646,460.99946732090575,422.3915253519068,93.1579619356149,174.7100067138672,273.3494028979425
2024-05-22,189.6326796586952,181.97000122070312,412.9599914550781,174.577132631287,146.82485484834214,464.37020346146824,424.6583193119375,93.22694199175356,178.1199951171875,273.5880411123252
2024-05-23,186.0048504863481,180.0800018310547,404.8699951171875,172.3253178004668,145.90670175714197,460.2715103816281,422.9582395726222,101.495984300881,173.25999450683594,271.50967280789416
2024-05-24,187.41012383078697,180.3000030517578,405.5,173.02278434801946,143.34761062347013,465.0184174839221,421.95405016489985,102.97562856030105,173.72999572753906,271.8279114933846
2024-05-28,188.4665889665476,179.49000549316406,401.8699951171875,173.7401813526077,140.79828633921184,473.53495788653686,424.13138989907134,109.85700680266734,173.16000366210938,268.7252761148771
2024-05-29,188.8752018363686,181.5500030517578,401.5799865722656,174.08890270315405,140.36853598300928,472.3980846367122,423.2266200569052,110.87476851197954,173.92999267578125,266.7662193474729
2024-05-30,189.99146851693155,178.36000061035156,402.7699890136719,171.16949082182018,140.67132554981387,463.4327619160628,411.84288150879064,109.63706169681458,175.3800048828125,266.8159354033909
2024-05-31,189.27387511297837,173.8699951171875,406.8800048828125,168.82797789114755,141.81413604859625,453.2109687189977,402.1692127903504,106.9147071249594,173.82000732421875,267.51206957054944
2024-06-03,191.8751142263389,175.9199981689453,408.7799987792969,170.5417754606809,143.35737761756036,466.9530657919829,406.55371826249007,111.9765009545286,174.49000549316406,266.56736183228765
2024-06-04,192.38340418619828,176.44000244140625,406.44000244140625,171.26914595674637,142.790868128876,471.92937090911573,407.30928563189894,114.01802186016376,174.0,267.8103780426421
2024-06-05,194.2172473626493,178.75,405.7699890136719,173.3017478596134,142.45878371138608,482.58002215948295,413.89096003424896,117.44020986348806,172.1300048828125,270.5052950866656
2024-06-06,193.5195930765027,181.4900054931641,407.3800048828125,175.11518831908717,141.2964461385399,489.5408469118146,418.14618249774657,118.29201522380818,172.72999572753906,272.55383571170705
2024-06-07,193.48969558531903,183.36000061035156,409.8500061035156,173.67042352155187,142.93738743365444,488.82282304541855,420.55222098628695,117.99408612904745,175.5800018310547,275.3183065754593
2024-06-10,191.50634675889475,183.7899932861328,409.2699890136719,172.33354172730304,142.21459084539123,492.0539138414726,421.4370934236562,116.98232421857804,173.1699981689453,271.85772373996076
2024-06-11,192.9814138224934,184.5399932861328,406.1099853515625,173.3410651546964,142.05831014993535,496.9005297138152,422.78918087724,118.72166379544328,167.41000366210938,270.7041942002741
2024-06-12,206.20696163392407,185.42999267578125,407.1600036621094,175.67528948350602,141.4136506164147,503.0835132032224,430.7428874309175,122.55106545367256,169.8000030517578,268.3971141445722
2024-06-13,210.89121315624297,182.6699981689453,403.5700073242187,174.44832299786256,140.53459712356212,499.982048490259,436.8274858579273,127.14037752718606,181.22999572753903,267.8203492414531
2024-06-14,210.59221246372425,182.22999572753903,403.3299865722656,173.72012432806883,141.12062427849452,499.8695515793737,434.19281849694386,128.30018672608327,176.9199981689453,267.7705880474252
2024-06-17,212.0074632920053,181.22000122070312,403.5499877929687,174.37849580074237,141.37458490816542,495.1379046873424,438.16966532085047,129.5600000367168,177.0,267.502134497241
2024-06-18,212.28651711595563,181.42999267578125,405.2799987792969,173.67024466902018,141.88248115831988,494.14961358899336,442.3155500964385,130.66982245304678,182.3699951171875,269.78928587409854
2024-06-20,208.15043943546107,182.72000122070312,404.0499877929687,174.5580432945699,141.63828990111426,495.8965465973391,438.7164619327626,129.4999962772128,179.66000366210938,271.57927766494265
2024-06-21,206.41625091745033,185.86000061035156,407.6799926757813,176.1740501459251,143.9434183910489,491.5242523237637,443.9261796037789,124.28080710399776,180.69000244140625,273.05104913045085
2024-06-24,205.89798377862783,185.3300018310547,410.0,178.22895776023654,144.7248171658592,493.42090404657034,443.8267493445669,118.02176984453314,182.5500030517578,273.73718073850114
2024-06-25,207.91122410230184,185.4199981689453,409.6199951171875,178.97710832976765,143.52342152684687,494.6287835804673,444.1647465305247,119.30157487051866,182.0099945068359,272.0068664550781
2024-06-26,209.9344322470105,186.2599945068359,407.25,182.02956355953376,142.39039271347676,503.7926711295405,445.596429300538,122.58106179827028,186.36000061035156,270.23680293240903
2024-06-27,211.63872006367097,194.1999969482422,406.3399963378906,183.56576327329063,141.47224229591998,512.9964628435848,449.1557248487335,122.90101364602651,194.0500030517578,265.0160650856991
2024-06-28,209.5955543096767,192.5,405.7900085449219,181.51084495311952,142.26343008772628,502.95409833545307,443.8267333016812,122.73104090223734,195.2599945068359,259.79527602496427
2024-07-01,211.2101334408119,192.82000732421875,403.8200073242187,180.8524688449508,142.23412370630388,492.30289136694773,443.0810879907853,118.81165100261742,200.8500061035156,259.84497015137896
2024-07-02,214.3794853085834,195.92999267578125,403.9200134277344,181.11183638621063,142.3513320117809,498.57183939066806,450.48794440717063,121.01130825589384,218.05999755859375,260.9388660054714
2024-07-03,218.29632866276663,196.7599945068359,404.2200012207031,183.54579820822968,141.37459730673862,505.1302795585898,455.2303771210673,121.34126312161996,234.25,266.6568380470075
2024-07-05,220.90754038733803,198.1699981689453,405.0299987792969,185.34137706531277,141.14016919047475,510.7004435956451,456.3140515175161,125.66059140220804,242.4600067138672,266.7463324911033
2024-07-08,222.50218547217585,197.9600067138672,408.0,187.31647058991524,141.87271835314155,525.7240547842451,461.77229375422786,127.02037421774143,244.57000732421875,264.4889666485092
2024-07-09,225.6117264169712,199.0500030517578,408.6400146484375,188.25415131046745,141.80434474394443,527.2613001458768,455.3496709136752,128.63013635188705,250.3000030517578,262.4504193687349
2024-07-10,228.48208356286247,197.69000244140625,409.3999938964844,188.5633821663039,143.26947724337222,527.430990661233,456.20469022907776,132.39955434443974,257.8599853515625,257.0705640856814
2024-07-11,225.0137503547776,192.86000061035156,412.0,184.62314253366375,145.1839024716925,507.4761194029672,448.9369602373819,127.03038089854326,239.6499938964844,259.30800192534065
2024-07-12,227.91399100155513,193.8300018310547,419.7000122070313,184.03460430299504,145.76994688359744,493.3610027561936,448.0422026334216,127.20035467327595,233.08999633789065,262.1918191724018
2024-07-15,232.3092281117703,190.8300018310547,425.2999877929687,184.46353836306903,145.4085513990423,492.5025251735868,448.8177103695207,127.16035847561366,251.72999572753903,263.77300663781455
2024-07-16,231.55178236868576,192.2400054931641,434.0199890136719,182.91735801356307,145.6918186635894,484.93586602622514,444.0752963423949,124.56076075627588,245.8000030517578,265.88119598982394
2024-07-17,225.88082486496336,185.9900054931641,437.8399963378906,179.4559202044025,147.89925933063887,458.31272453441665,436.638578721872,116.70197078117612,246.17999267578125,266.746361638086
2024-07-18,221.52547133243425,181.4499969482422,439.5700073242187,176.03439880682015,151.02485732776768,463.72322458427914,431.88626155510383,116.54199746975428,247.1999969482422,267.0645341454914
2024-07-19,222.5320756847993,180.11000061035156,433.3500061035156,176.69276032578057,150.53647738990236,474.8735725281973,429.5001207828966,117.35187785957504,236.8300018310547,262.8382516059152
2024-07-22,222.34271224556252,182.47999572753903,432.1199951171875,179.78509459012787,150.01880628205348,483.0491533119743,436.37015276462773,119.84148788147658,243.75,263.5442454307205
2024-07-23,221.93408951337017,183.55999755859375,433.4700012207031,181.09186467964565,148.04576984695777,486.8624538229204,440.53591409904936,122.08114560448696,245.6300048828125,262.39070730596666
2024-07-24,216.40268749627205,180.41000366210935,430.7300109863281,171.39588976494113,148.78810187102266,459.7701341516481,425.11564336198785,113.4224807621964,214.7100067138672,251.72048223413955
2024-07-25,213.9010930254534,176.8000030517578,431.6000061035156,166.77730649977468,152.37278204410234,441.87170205091513,415.09401723172687,106.28358504662184,216.22999572753903,251.2928852054623
2024-07-26,215.2864239407029,180.2400054931641,434.1000061035156,163.65502336750666,155.76208276509988,458.6122380981597,414.8553456338981,111.5627742823544,215.3300018310547,254.1667826287829
2024-07-29,215.0273073866339,182.3800048828125,435.489990234375,167.57533456289457,154.37510885212342,464.2023545735699,422.2423988579534,111.28281303826611,224.6999969482422,257.1401077164258
2024-07-30,215.3960621319004,179.3800048828125,439.1400146484375,168.0242198953097,154.6778978361191,455.897000888154,414.9448029922065,102.52416299011044,220.0,259.5566206930974
2024-07-31,219.89096542123676,184.4600067138672,437.739990234375,169.59032465517112,154.07232085783247,465.92933724415263,409.8246539863894,110.8628715562712,226.7899932861328,262.77856751067577
2024-08-01,216.29306274041448,181.8699951171875,430.9500122070313,168.46313671318876,154.04300854237033,491.2347398601099,410.6995323530128,106.79350713357796,214.3300018310547,262.7089632483322
2024-08-02,216.98074309833055,160.5500030517578,423.489990234375,164.2635332665733,157.25651182816452,475.3127693181289,402.0001807599968,101.35434313138848,205.77999877929688,261.4161719927755
2024-08-05,195.34346157584417,151.61000061035156,406.1099853515625,154.54755937261288,156.84628217168614,450.00736491740264,383.3487444003249,90.6759989303684,182.0,253.0927934708081
2024-08-06,200.39648844230865,158.5399932861328,415.1000061035156,156.02392759895886,155.2444108951606,477.80836813787647,396.1939842314513,100.5344690148924,192.6699981689453,254.34575941512813
2024-08-07,205.69866882998735,161.42999267578125,425.6000061035156,158.07882740651024,154.5118695957195,486.0039577631928,395.16992295159474,98.67476236695524,191.47999572753903,254.88279160577065
2024-08-08,208.13048513245965,162.5500030517578,427.6000061035156,159.81453589918704,154.35556258859884,493.85012998605214,397.62565473832814,97.50493482201372,192.0399932861328,256.4838105512374
2024-08-09,211.259984607228,165.85000610351562,430.2099914550781,158.66737003691415,155.63510852222842,504.8108346353573,399.9322498333492,103.41402980827044,195.11000061035156,258.08425414225394
2024-08-12,215.12653755613,166.11000061035156,429.010009765625,161.44050288346338,155.0197730929501,508.2048243270285,401.9007666876047,106.24359034201233,194.6699981689453,258.31341949654296
2024-08-13,218.52902632127157,167.10000610351562,425.8999938964844,162.56771107111587,152.8025424436578,517.2389715729635,407.1999483356839,111.56276937230297,197.05999755859375,258.3432839036782
2024-08-14,219.21752501736543,168.86000061035156,431.7099914550781,157.32069888325617,153.74021476514704,522.2102396827587,410.0632696291805,114.05238467793846,198.75,257.8151883986321
2024-08-15,222.27079905335071,173.99000549316406,438.7200012207031,159.21602457337346,154.1699792949076,525.7738794548646,415.991550712489,117.45185933948572,204.82000732421875,261.9005371069329
2024-08-16,223.15885022096825,176.25999450683594,440.4500122070313,160.7322698813447,154.50208758804382,523.7374579349871,415.6329698343419,121.16128410108614,210.8000030517578,264.4414389353604
2024-08-19,222.5501887780633,176.16000366210938,445.7300109863281,163.8545358782874,155.43000644685796,521.8408102351849,414.79631569386714,123.40093398841384,214.08999633789065,264.2820198917218
2024-08-20,224.95490346311303,177.42999267578125,446.3800048828125,166.4082219766287,155.9574382629441,524.9553519309403,419.9556774327427,125.87056366455867,219.55999755859375,264.8300382581756
2024-08-21,224.5557753561492,178.88999938964844,443.8399963378906,164.26351765512456,156.58254489558465,526.0034845576143,420.03533264675815,126.6404512748557,218.86000061035156,266.43429163104605
2024-08-22,223.4083048904395,175.67999267578125,444.6499938964844,162.90687970594058,157.05137889606144,527.6606574991375,412.95370628251766,123.08098568867756,210.32000732421875,265.6172318465469
2024-08-23,223.8373602369176,175.24000549316406,448.80999755859375,163.42560674236745,157.94022935849804,524.1367613332501,410.44379375355777,125.200668193686,214.2100067138672,264.3617389406609
2024-08-26,223.39832305195915,174.3000030517578,453.3399963378906,164.05404680689762,159.73744942455946,514.044600820183,409.6968209788455,124.35079428830488,211.0099945068359,266.7132947607857
2024-08-27,224.39611696496783,172.25,454.6199951171875,164.05404034557552,159.59175062452562,514.4039416499305,408.61117324322794,123.86087366966548,206.94000244140625,266.9325390756954
2024-08-28,225.18438078371824,168.9199981689453,460.7799987792969,161.13126439972936,160.13303993233166,511.5489345805239,405.6828816466664,122.62106403071532,202.58999633789065,266.71331842355943
2024-08-29,228.37737982242845,170.80999755859375,463.0,159.85443888061718,160.77273572777847,514.7732649090993,408.95977368399144,116.691977012507,205.97000122070312,269.4833755114704
2024-08-30,226.98043458769095,172.60000610351562,470.0,161.2908842753107,161.21560357477546,514.2941898149564,410.48363692465733,117.20190059777018,207.02999877929688,273.2797279557556
2024-09-03,220.68428466242796,175.25999450683594,473.7200012207031,156.0937250254868,162.16041091139553,507.7256749803077,405.4040060811421,107.27343270040431,209.63999938964844,275.3821763624186
2024-09-04,217.0023958735564,172.5399932861328,474.2200012207031,155.57503152440304,163.4102798330133,503.1836714533459,402.7546379619835,104.10392232985338,210.57000732421875,277.70387702347824
2024-09-05,221.03352013282225,175.0,462.8800048828125,155.59496817105187,162.21945305536275,510.251220502986,404.5076243249111,104.74382468818035,222.25,276.4184484453027
2024-09-06,219.2873857797809,171.16000366210938,458.5499877929687,150.17837304317212,161.5206890377601,497.3739131311358,399.1989078370585,100.93440295773532,210.5099945068359,276.438391552086
2024-09-09,216.23409233980905,173.50999450683594,459.260009765625,147.05146466034253,161.86516115489292,501.1971783669211,400.5434971977151,103.67398295988237,213.6699981689453,280.6433044180313
2024-09-10,216.25405039598212,176.7899932861328,456.2099914550781,148.17018139774882,164.10905318478214,499.1507950714286,406.0713456246143,104.93379026537788,218.63999938964844,282.556466704923
2024-09-11,217.4114916314568,175.72999572753906,445.25,147.35112146407118,161.49116081586226,494.7285803024095,407.9438146629927,107.40340528796008,216.8000030517578,277.30526463940333
2024-09-12,219.33725854525207,183.5399932861328,449.2699890136719,152.4752509078758,160.1330297069347,514.3140879895204,418.07321227741465,115.37204710427882,223.8300018310547,280.46398193327707
2024-09-13,221.42268236911949,185.91000366210935,447.2099914550781,155.0323303223496,161.2254563417952,516.2007656702992,423.7603615358477,117.59189263639416,226.32000732421875,284.52938279522454
2024-09-16,213.4502168549942,183.36000061035156,448.3399963378906,156.42073870376782,163.154402533986,516.9830137068243,426.50935094179886,114.35211839645493,223.52999877929688,286.71154513709456
2024-09-17,214.0289395447448,186.13999938964844,453.2900085449219,158.1986926846348,163.3020365789409,530.1423906016115,430.5431821213062,114.8220891129472,226.5500030517578,289.0431926365213
2024-09-18,217.06226125375576,185.05999755859375,454.8800048828125,158.41845358227067,163.11505957096486,533.4696949996974,428.6906237541022,113.21219905753732,226.8800048828125,287.10015847726794
2024-09-19,224.1367068474718,188.47000122070312,457.25,161.15530422207948,161.81593612183912,546.079536146743,435.15467267064554,117.24191743437972,232.1300048828125,281.8589651877404
2024-09-20,227.12012443578536,187.41000366210935,454.0499877929687,161.87447792027933,160.95973429686177,555.851604519624,432.4853956233,115.3820458300781,235.9199981689453,282.2376104650745
2024-09-23,225.31410200503296,190.57000732421875,453.4200134277344,161.4849167682097,160.14286765116137,561.956690056189,428.6707276626035,114.85208621282332,241.9199981689453,283.6027114115691
2024-09-24,225.2342838755063,190.1300048828125,451.7699890136719,160.50604310941137,158.99140427077216,553.7433287096264,424.3978231376462,115.37204436838394,249.0500030517578,271.7352660906827
2024-09-25,223.52804884217392,192.16000366210935,451.2099914550781,161.11534508030692,157.82025318209,563.2656015058733,426.8579828341436,121.6016246984159,252.27999877929688,267.27126990154574
2024-09-26,224.9149883158055,189.5399932861328,451.3399963378906,162.0942193836139,157.48564117533073,561.8967586035227,427.41572154773536,121.7916124398361,251.52999877929688,269.034940711498
2024-09-27,226.80083496693393,187.33999633789065,455.0400085449219,162.44383284910126,158.7847179324337,564.0550313711452,425.762359424982,119.25178771917992,254.1199951171875,271.8050207299864
2024-09-30,229.14567760776433,184.6499938964844,454.5499877929687,163.0730944402025,158.1351680691905,564.3447806064505,423.6707258429949,118.14185882154548,255.77000427246097,272.2235400108145
2024-10-01,223.24866456606327,183.4499969482422,454.8200073242187,164.39159857770997,158.6272544887175,569.6405098038103,417.13693529272734,115.7820200451603,248.52999877929688,273.37937821186205
2024-10-02,222.5302449869956,184.0399932861328,454.19000244140625,164.54142416704428,158.10564784462463,568.8811536395001,415.0453484935869,115.13206859256864,241.5,274.38573946057403
2024-10-03,222.82957789090332,180.8800048828125,450.9200134277344,163.73235383790225,157.68247410632392,568.2715705132565,412.6350257729925,120.33170820972308,237.80999755859375,274.8540790312889
2024-10-04,223.63780617480535,183.6000061035156,453.80999755859375,165.29056599793975,156.2652633485749,580.9614010765631,413.3123071245128,121.8216087492724,244.5800018310547,274.1167131522515
2024-10-07,220.84394549402705,180.25,452.4100036621094,162.56369407072728,156.69829958573445,583.5692610077722,407.3661708398638,124.94139103988898,240.6999969482422,272.2633794424556
2024-10-08,222.7597302404025,180.9199981689453,452.8500061035156,162.68355229004484,156.43257274778102,585.4977037271458,406.5394920239681,129.4110819564616,240.55999755859375,273.0306476065038
2024-10-09,224.3362709632568,182.0500030517578,452.3599853515625,159.5571448589351,156.98370754508588,581.1412066390888,412.6449477589923,131.37095237452456,239.5099945068359,273.43917750244935
2024-10-10,226.67112924406288,185.8300018310547,452.7200012207031,160.21637027061266,157.4659476881427,582.0504943661447,411.4995460461954,130.9909700248152,232.33999633789065,274.3658536266726
2024-10-11,226.84074743911052,186.3000030517578,455.8999938964844,161.05542066959453,158.6469402537474,582.2403930977291,411.59917791222887,133.65078964681797,214.3800048828125,274.3857510350914
2024-10-14,228.09798564307096,187.36000061035156,458.1000061035156,163.21293699316715,158.35169333685272,589.484501597712,415.8520832387316,136.29061869231955,213.7400054931641,276.99637025032257
2024-10-15,231.85969551276995,184.5800018310547,460.510009765625,164.44154766375664,156.4817891333994,579.672421258373,413.60115139482065,128.73113875001064,217.1199951171875,277.8334007885484
2024-10-16,229.33525401328015,185.61000061035156,462.2000122070313,163.55255942155696,160.0641362476562,573.5673490881165,408.84024879356656,131.57093351648052,218.92999267578125,277.3551323705806
2024-10-17,230.0137723986246,186.0,464.2699890136719,162.5736656844729,161.03846543795242,574.736440631771,413.92983752079977,136.86056931738727,217.8999938964844,286.5820188125675
2024-10-18,233.4960858911256,186.27999877929688,463.25,162.89331828319396,161.333696912837,574.7863836125463,414.59712869532103,137.27054215149374,219.22999572753903,287.0503079505586
2024-10-21,233.9351372634737,186.3999938964844,461.6799926757813,162.43383459552447,159.73936061334084,568.6512994519571,412.09718088424023,137.99049051839003,215.72999572753903,285.306576688179
2024-10-22,232.08920560922664,186.97999572753903,457.6000061035156,162.79342721641044,159.3358584122023,571.6589105303678,416.3700446113444,141.7702357215276,215.2599945068359,282.5166189472497
2024-10-23,227.25982300232985,183.69000244140625,458.75,161.74462537741965,159.8476187514402,562.0466134632495,420.8421009299413,137.45053832630117,212.11000061035156,282.51659969815483
2024-10-24,227.90841463888628,183.86000061035156,453.9599914550781,160.82567279873874,160.75304450755124,561.067423617713,420.7125855668264,138.45046699393333,242.6499938964844,280.72303799728024
2024-10-25,229.0658541264054,187.52999877929688,453.0299987792969,163.2329222477887,158.0662879983748,571.2591677649386,424.8659613297776,140.7903036617806,255.32000732421875,279.77643630040245
2024-10-28,232.03931169048735,188.2100067138672,455.0,163.76231104702376,158.4501155645497,573.657247966786,424.59704472930554,140.0403461288819,262.239990234375,280.5237288168697
2024-10-29,231.8098189074392,187.82000732421875,454.3900146484375,166.89871690047832,157.52499598931615,574.9362852505326,424.09903059516625,138.89042075410222,255.5099945068359,280.3443931231408
2024-10-30,229.0458856025163,192.4199981689453,453.8200073242187,173.86073320012326,156.51132128274685,588.9049656386749,430.3738795735308,136.80057404730425,255.82000732421875,287.29941816726955
2024-10-31,224.8750719925984,185.22999572753903,450.5700073242187,170.80424884729752,156.93451190100544,562.5562346068841,404.67692710480617,132.10090534528118,249.25,288.5848369965224
2024-11-01,219.78626950218683,197.02000427246097,450.7000122070313,168.68667310994414,157.34786203055845,562.1066125402613,405.8721217752296,134.56074135376818,246.6300048828125,286.16353664734334
2024-11-04,219.2275088130919,194.30999755859375,437.8999938964844,167.81766174152193,155.56651991836358,557.4403590550569,403.9498383507318,135.56067148198048,238.8800048828125,289.7207842592043
2024-11-05,220.65436486265335,195.9900054931641,441.1000061035156,168.64672117984685,153.87376243726985,566.2132605927909,406.4498120639611,137.32053610774523,246.2100067138672,290.53781973388544
2024-11-06,220.7042571772517,199.13999938964844,459.4800109863281,173.30138875645662,154.85792709935075,554.722528248443,408.8800507986786,141.95021810961643,275.6199951171875,301.7376529750524
2024-11-07,224.0768403097807,207.19000244140625,460.1000061035156,176.9871684826014,154.03122480781576,574.7464440436293,418.2027124984046,146.15993091069282,285.5199890136719,303.3319282770089
2024-11-08,226.16134014604208,207.44000244140625,459.5,177.87614831538193,152.94864310351673,584.0489286056084,420.095077093531,146.24991134304443,297.6600036621094,304.5973914375891
2024-11-11,221.25673663335024,205.58999633789065,464.0,178.26570189593804,152.45655705155357,576.0453459283773,414.3381687204943,143.56011401444013,336.0,308.19448051918295
2024-11-12,223.11469448970428,206.0099945068359,465.1499938964844,179.18463600062077,149.95679091978027,579.9122090858378,415.533390819855,145.9999283055317,323.30999755859375,307.59240054818775
2024-11-13,222.5153482196322,209.13999938964844,464.0,178.3356095653103,149.02183641196996,574.70640754446,416.5393671420712,145.88993335100844,322.5,307.3228843039667
2024-11-14,224.7528954725484,210.8800048828125,466.0,174.12044573791286,148.3722857934717,572.5482054082433,418.3222016749388,145.53996988270669,310.3699951171875,307.3128698777833
2024-11-15,224.023689933323,199.61000061035156,465.19000244140625,171.02399111342126,148.51006538843035,551.0554852822419,411.98764100476023,140.0703518362645,309.2200012207031,306.14486796292954
2024-11-18,224.9227009955052,200.9499969482422,468.3599853515625,172.70205783527248,149.91742847049738,549.6466622720844,410.45376875637714,137.14054183607018,330.010009765625,308.181440946077
2024-11-19,226.4110657200773,198.77999877929688,465.010009765625,173.3613144261031,149.64186168150684,550.1562205507613,409.90596948487496,140.98028855106585,332.75,307.9917557500083
2024-11-20,225.64190448211673,199.4499969482422,466.1099853515625,173.58105554247194,149.4056599992195,553.7533256143062,408.9398109050573,142.72015799039747,334.29998779296875,305.70560920137314
2024-11-21,225.4621162861243,195.75,467.0,163.51260129552497,150.38981756808124,548.6074468136305,409.4689690149979,140.69030679019977,335.2799987792969,306.134884386641
2024-11-22,227.80952873867184,196.75,471.6099853515625,163.7123645160949,151.6692234270941,554.1430712266013,410.2374116400306,141.0902837872634,337.70001220703125,307.3827574135372
2024-11-25,229.48769048234257,199.0,476.7900085449219,165.4204109377555,152.68291149877678,555.941598079429,414.0198472532827,135.81065220328685,338.20001220703125,309.3394563489539
2024-11-26,233.07373841155265,201.7899932861328,472.8500061035156,167.38816125371517,151.94375271107742,564.7444540485772,418.0118506967232,135.66065432709954,335.6600036621094,311.01667518353287
2024-11-27,233.55321672420507,205.0500030517578,480.8699951171875,167.8276638210122,153.37231954089128,563.6453456676987,421.17549451394376,131.79092378994943,326.5899963378906,308.97008640296644
2024-11-29,233.71304074851764,204.58999633789065,482.0499877929687,166.96864760176737,152.94572684753695,566.443114149285,416.9639323784013,136.04063308446467,334.6499938964844,313.1730335247132
2024-12-02,236.89953466637493,209.5099945068359,474.75,168.37703052095557,152.7076229297064,575.1061345887051,420.4669212999132,137.8105111334031,351.1499938964844,313.18300880262666
2024-12-03,238.6376176509325,209.6499938964844,468.80999755859375,170.65441531581507,151.10049473348283,590.7734853057109,426.88402964452257,137.9404972096011,348.20001220703125,312.24457434757755
2024-12-04,240.9850414761411,215.75,466.5,170.86417130279446,148.560832290019,604.6122815307718,431.7642546343851,140.2803327562802,348.6000061035156,308.28126673144027
2024-12-05,241.86408229295347,217.3000030517578,468.7200012207031,172.13272486876673,147.76717599882647,606.5607193426367,435.2971785217715,143.9499969482422,359.5,308.3112109680477
2024-12-06,241.8141281502541,220.6000061035156,467.8200073242187,171.6632661685559,147.20170583471946,608.0395658524756,440.88595677867977,141.30999755859375,370.7999877929687,308.28123943742906
2024-12-09,241.48449521514056,225.6699981689453,463.4200134277344,173.64999389648438,147.26122586270017,605.681440124963,439.6184986530788,137.1300048828125,378.010009765625,307.1232399726451
2024-12-10,245.0705399660552,224.1999969482422,459.5,181.0500030517578,147.15210539550452,612.2461479396557,440.71632196493806,133.7899932861328,390.8500061035156,306.12490718218385
2024-12-11,245.98952569372008,226.2599945068359,458.7699890136719,184.8500061035156,145.20766474532235,621.0290675894443,443.1614051498909,135.2100067138672,402.3800048828125,310.68719545189913
2024-12-12,245.4101731068781,227.6300048828125,458.0799865722656,191.7100067138672,144.85052037870116,626.7044846004596,448.2112581986308,135.8000030517578,415.0,312.90347404602437
2024-12-13,245.96955931284188,225.86000061035156,457.010009765625,189.63999938964844,143.88821831615726,616.3928033653502,444.6883184556146,132.5399932861328,415.7099914550781,313.8119512279798
2024-12-16,247.3780059899919,228.0099945068359,454.5799865722656,192.6199951171875,142.38030610478322,618.5800170898438,444.38893932865295,130.4199981689453,436.1499938964844,313.5723733545081
2024-12-17,249.50566587259755,227.8500061035156,452.05999755859375,194.97999572753903,142.56878900900642,616.5399780273438,448.670368885724,126.86000061035156,457.510009765625,314.61062446535163
2024-12-18,247.46791553993853,220.11000061035156,446.0899963378906,187.7400054931641,143.52115837431197,596.3200073242188,436.1454548251872,128.27999877929688,427.010009765625,309.0399813867432
2024-12-19,246.81862390484895,222.9199981689453,448.8900146484375,188.3800048828125,142.23148030542424,595.0,435.4468858542376,129.5500030517578,420.0199890136719,310.7071813629145
2024-12-20,245.4201718605057,218.72999572753903,447.19000244140625,185.22000122070312,141.61641134661585,580.0,427.7722660445124,128.22000122070312,417.6400146484375,311.7554287117048
2024-12-23,253.171646035914,223.8999938964844,449.8200073242187,190.1499938964844,142.31085472920228,586.25,431.9638575419981,135.1199951171875,415.4100036621094,312.8236395052103
2024-12-24,255.0096198916901,226.1300048828125,454.0700073242187,193.77999877929688,143.1838691457167,599.280029296875,433.32113775673025,138.64999389648438,435.1400146484375,316.74702452090025
2024-12-26,257.34704665632455,226.6699981689453,455.7999877929687,194.3800048828125,143.9378206311713,598.9400024414062,435.7562575113133,137.72999572753906,451.0199890136719,318.9233646759857
2024-12-27,252.78207543596488,220.8999938964844,454.4800109863281,190.6499938964844,143.53107549359515,589.7999877929688,425.4968290181099,134.7100067138672,426.5,317.0265365929876
2024-12-30,250.47461491371791,218.42999267578125,449.1799926757813,189.1199951171875,141.8148188202015,585.5800170898438,421.05572893712207,134.02000427246094,415.75,312.7038418971402
2024-12-31,249.15605553782555,218.94000244140625,451.1099853515625,188.5099945068359,142.1719628408645,583.8499755859375,419.81820926028456,133.8300018310547,402.5400085449219,314.66054649201203
2025-01-02,241.5544297530332,218.19000244140625,450.0299987792969,187.5,142.63822792827605,587.8200073242188,414.0198541610312,134.6300048828125,373.0400085449219,311.8852092919255
2025-01-03,241.624340886356,221.6199951171875,450.1199951171875,189.97999572753903,142.47950204067178,596.4099731445312,418.7004647827294,139.72999572753906,379.4500122070313,311.4858895302568
2025-01-06,242.93290033169583,224.83999633789065,450.5700073242187,193.8500061035156,141.79498160796427,605.6199951171875,424.6285829292995,147.82000732421875,401.7000122070313,311.5457883553175
2025-01-07,241.08494412707995,221.4600067138672,451.1000061035156,194.6000061035156,142.4497364238977,608.22998046875,419.957914728963,140.00999450683594,390.0,310.7970357124434
2025-01-08,239.78635773622744,220.1999969482422,449.6300048828125,192.3800048828125,140.31681754270937,602.7899780273438,420.69647292951623,137.55999755859375,387.3999938964844,309.6888903149872
2025-01-10,232.74409661721964,216.5,440.1000061035156,190.30999755859375,139.56283864100914,597.3400268554688,414.1894746460312,134.22000122070312,377.2900085449219,305.47597284075437
2025-01-13,229.4677100170831,216.47000122070312,441.1499938964844,187.36000061035156,141.17990299820462,598.4500122070312,411.4649750549722,129.50999450683594,380.0700073242187,303.3296061830076
2025-01-14,232.21468051006943,216.1999969482422,443.9200134277344,188.30999755859375,141.7255341982427,588.5499877929688,409.89811945983064,130.0500030517578,394.5400085449219,307.0034003225749
2025-01-15,234.17252500331003,220.75,453.2699890136719,191.86000061035156,143.11441810884028,606.5,417.4329894853562,131.2899932861328,405.6600036621094,312.6039854453682
2025-01-16,227.7795647267042,220.30999755859375,458.2999877929687,192.80999755859375,142.9160121934574,609.7100219726562,423.5407549144398,133.49000549316406,409.1300048828125,315.2195912895473
2025-01-17,228.2290643880918,223.0800018310547,462.4500122070313,193.75,145.44576381375467,603.6699829101562,427.31321381371214,135.4600067138672,419.75,316.17798390983364
2025-01-21,219.13906319002535,226.94000244140625,467.7200012207031,197.8699951171875,145.88227024884188,609.010009765625,424.7483264493822,137.08999633789062,406.30999755859375,319.46245761788066
2025-01-22,219.54859611049605,231.19000244140625,455.2799987792969,197.52999877929688,140.981499356347,619.4299926757812,435.1275277712005,143.6699981689453,414.5899963378906,321.83846897533306
2025-01-23,222.05586069453577,231.5099945068359,458.0,195.1999969482422,143.66005519385354,621.1500244140625,440.6165049266649,143.72000122070312,408.9500122070313,323.0264710515439
2025-01-24,221.16683361690275,232.92999267578125,457.0799865722656,198.0,145.21759016209438,634.2000122070312,440.5167060042179,141.8800048828125,405.7799987792969,327.2593249320077
2025-01-27,223.73399710835045,225.86000061035156,464.2999877929687,190.72999572753903,146.82472053581114,625.0999755859375,422.6525337820519,116.6999969482422,389.0,327.49890893401204
2025-01-28,230.55650666713984,233.97999572753903,469.2999877929687,190.67999267578125,149.1064550050576,659.469970703125,430.51676503368185,116.25,386.5,332.330826391565
2025-01-29,233.75299176206667,236.1499938964844,468.0,193.42999267578125,148.80884527254128,665.6699829101562,439.51869372032735,120.0500030517578,384.4800109863281,333.93810913859164
2025-01-30,236.94948349745044,232.22000122070312,469.1499938964844,197.6699981689453,150.15804802343848,676.0999755859375,412.33322134699057,118.0999984741211,384.4100036621094,338.4305398368944
2025-01-31,233.18362815459497,236.41000366210935,467.010009765625,201.8000030517578,150.8524755332171,685.5800170898438,414.0797374049759,119.19000244140624,401.3399963378906,341.13598491663447
2025-02-03,225.45212191586603,232.8999938964844,454.6000061035156,200.1000061035156,149.5826455956867,675.25,407.8422300476431,113.01000213623048,374.3599853515625,338.67011118976336
2025-02-04,226.40107197135944,238.02999877929688,462.7000122070313,202.80999755859375,149.75129521712418,691.6099853515625,408.9200578355856,116.6999969482422,381.3999938964844,341.9645894865905
2025-02-05,228.0193068583431,235.1999969482422,468.8900146484375,188.02999877929688,152.09254750220512,699.010009765625,409.5787506797878,120.76000213623048,375.5299987792969,344.6700329463034
2025-02-06,230.1769227714588,236.0099945068359,473.2799987792969,188.72000122070312,152.16199722786286,703.5,413.1715497090401,125.20999908447266,363.1799926757813,346.017774651323
2025-02-07,227.0104008794231,228.05999755859375,472.3399963378906,183.2400054931641,151.58660176042213,711.75,407.2833615993766,125.0,360.3399963378906,346.6267268943333
2025-02-10,227.1999969482422,229.1999969482422,469.3699951171875,185.86000061035156,151.08065537439677,711.3300170898438,410.0977246861568,129.9600067138672,350.510009765625,347.1159455627528
2025-02-11,228.1300048828125,230.1300048828125,466.7200012207031,184.27999877929688,152.71755573444554,710.0399780273438,408.48093644203584,131.02000427246094,325.1000061035156,346.25
2025-02-12,230.67999267578125,228.16000366210935,468.0899963378906,181.8300018310547,153.04494040684727,712.5999755859375,403.56079794352274,129.0800018310547,329.1199951171875,347.489990234375
2025-02-13,235.57000732421875,227.52000427246097,471.2000122070313,183.13999938964844,153.56079485525478,718.0399780273438,405.54681680905935,131.1699981689453,342.8500061035156,350.7300109863281
2025-02-14,240.9900054931641,227.22999572753903,479.4500122070313,184.32000732421875,154.82072198694354,725.6199951171875,405.06778596420224,135.5,347.5,353.2200012207031
2025-02-18,241.83999633789065,223.72000122070312,477.6300048828125,181.7400054931641,153.24000549316406,706.4400024414062,405.6865508328786,137.92999267578125,350.0199890136719,352.3999938964844
2025-02-19,243.16000366210935,223.7100067138672,480.6799926757813,183.58999633789065,154.75,695.3900146484375,406.8342549807474,137.22000122070312,353.6700134277344,354.17999267578125
2025-02-20,244.2899932861328,221.80999755859375,478.1400146484375,182.72000122070312,156.9499969482422,693.6400146484375,412.5400085449219,136.7899932861328,348.0,349.05999755859375
2025-02-21,245.22000122070312,218.07000732421875,479.8900146484375,181.981201171875,159.27999877929688,691.8400268554688,412.2699890136719,138.74000549316406,344.80999755859375,350.239990234375
